ID; salesID; productID; quantity
1; 1163; 40; 45
2; 1618; 99; 10
3; 163; 3; 35
4; 344; 62; 37
5; 1898; 33; 12
6; 1878; 55; 38
7; 270; 76; 13
8; 1141; 14; 28
9; 1744; 40; 26
10; 1412; 9; 24
11; 447; 27; 49
12; 371; 3; 38
13; 140; 8; 49
14; 1535; 16; 7
15; 735; 45; 35
16; 387; 35; 23
17; 384; 53; 21
18; 1128; 34; 36
19; 637; 53; 12
20; 1680; 31; 42
21; 94; 41; 44
22; 565; 23; 33
23; 1631; 92; 17
24; 262; 22; 7
25; 463; 75; 7
26; 1098; 8; 19
27; 430; 96; 6
28; 1878; 24; 3
29; 1550; 25; 16
30; 633; 85; 35
31; 1937; 39; 25
32; 1652; 13; 4
33; 1054; 67; 30
34; 614; 10; 9
35; 473; 16; 46
36; 1566; 78; 6
37; 280; 18; 9
38; 1809; 3; 40
39; 1922; 55; 22
40; 1359; 2; 42
41; 346; 14; 10
42; 705; 93; 23
43; 1255; 11; 4
44; 1708; 39; 48
45; 1886; 19; 1
46; 794; 39; 22
47; 85; 89; 20
48; 1407; 21; 46
49; 1058; 88; 5
50; 687; 7; 35
51; 1409; 40; 48
52; 1838; 35; 6
53; 564; 32; 36
54; 997; 58; 14
55; 1069; 53; 20
56; 1009; 34; 24
57; 1774; 44; 32
58; 1269; 15; 36
59; 999; 44; 40
60; 1291; 55; 26
61; 1907; 100; 17
62; 966; 35; 28
63; 1; 38; 33
64; 1096; 94; 8
65; 698; 81; 46
66; 99; 51; 16
67; 822; 59; 2
68; 1844; 31; 23
69; 1593; 72; 26
70; 261; 91; 49
71; 1350; 36; 20
72; 1477; 54; 20
73; 1211; 4; 47
74; 1872; 25; 28
75; 1739; 77; 3
76; 1945; 82; 39
77; 139; 99; 48
78; 1655; 26; 7
79; 258; 39; 26
80; 249; 36; 2
81; 226; 59; 11
82; 1718; 53; 34
83; 361; 30; 46
84; 1915; 40; 4
85; 257; 30; 43
86; 387; 39; 2
87; 1060; 10; 15
88; 1540; 12; 36
89; 1435; 75; 3
90; 170; 32; 37
91; 1779; 41; 9
92; 1373; 58; 4
93; 1903; 10; 29
94; 1354; 65; 1
95; 891; 71; 41
96; 1854; 84; 42
97; 958; 76; 16
98; 1409; 32; 44
99; 1134; 28; 43
100; 1273; 52; 43
101; 462; 17; 18
102; 966; 54; 1
103; 95; 5; 9
104; 1363; 77; 47
105; 1775; 62; 41
106; 1854; 99; 5
107; 1273; 3; 17
108; 1204; 9; 42
109; 261; 18; 15
110; 1204; 47; 8
111; 1481; 4; 28
112; 1986; 1; 19
113; 267; 82; 10
114; 1580; 71; 11
115; 1785; 49; 9
116; 105; 3; 39
117; 1065; 18; 8
118; 1882; 28; 46
119; 684; 11; 12
120; 1121; 20; 3
121; 249; 56; 33
122; 1441; 94; 34
123; 162; 57; 34
124; 1847; 32; 12
125; 1462; 84; 25
126; 1691; 5; 24
127; 890; 63; 4
128; 1078; 4; 20
129; 1766; 26; 44
130; 1225; 45; 20
131; 1920; 3; 33
132; 1565; 96; 6
133; 1936; 31; 49
134; 272; 73; 42
135; 674; 22; 45
136; 153; 87; 22
137; 394; 37; 8
138; 1072; 37; 20
139; 1979; 74; 24
140; 701; 8; 41
141; 1004; 28; 47
142; 1587; 19; 43
143; 1334; 27; 31
144; 1145; 60; 25
145; 1083; 97; 23
146; 219; 48; 40
147; 944; 47; 14
148; 311; 37; 28
149; 1148; 22; 28
150; 1254; 88; 39
151; 781; 97; 15
152; 932; 1; 14
153; 1160; 76; 28
154; 254; 90; 17
155; 1617; 93; 41
156; 901; 61; 24
157; 1549; 96; 36
158; 1179; 65; 27
159; 1615; 100; 31
160; 1767; 2; 14
161; 1293; 46; 26
162; 1873; 75; 48
163; 1482; 52; 7
164; 975; 57; 16
165; 1620; 30; 36
166; 404; 39; 30
167; 1224; 3; 18
168; 706; 34; 35
169; 1107; 36; 30
170; 875; 49; 49
171; 19; 50; 1
172; 420; 22; 6
173; 1428; 54; 18
174; 455; 71; 32
175; 817; 42; 6
176; 973; 45; 9
177; 391; 33; 32
178; 1626; 50; 30
179; 1516; 24; 40
180; 1945; 14; 22
181; 1377; 26; 7
182; 964; 3; 32
183; 994; 44; 25
184; 1978; 30; 10
185; 1768; 30; 15
186; 1248; 78; 32
187; 518; 74; 46
188; 264; 82; 46
189; 1249; 27; 33
190; 1733; 99; 26
191; 1840; 20; 11
192; 1312; 65; 49
193; 1262; 54; 22
194; 1344; 17; 39
195; 966; 42; 12
196; 264; 36; 3
197; 171; 100; 17
198; 1027; 56; 38
199; 975; 40; 49
200; 544; 37; 32
201; 1405; 55; 8
202; 317; 29; 32
203; 965; 92; 23
204; 1210; 82; 24
205; 334; 88; 27
206; 785; 64; 6
207; 1473; 85; 15
208; 1537; 27; 18
209; 1250; 71; 2
210; 1237; 4; 8
211; 623; 98; 31
212; 879; 62; 39
213; 667; 13; 40
214; 148; 89; 47
215; 544; 22; 35
216; 1726; 89; 8
217; 947; 25; 14
218; 1125; 5; 22
219; 427; 98; 24
220; 1415; 68; 17
221; 1921; 56; 30
222; 1392; 92; 20
223; 1705; 84; 8
224; 673; 14; 21
225; 528; 69; 32
226; 323; 51; 23
227; 1422; 69; 49
228; 902; 38; 39
229; 1108; 29; 10
230; 839; 20; 14
231; 686; 55; 32
232; 1791; 18; 41
233; 542; 60; 4
234; 181; 62; 12
235; 294; 65; 42
236; 1458; 73; 38
237; 683; 100; 25
238; 278; 75; 40
239; 1668; 17; 47
240; 636; 81; 42
241; 1393; 31; 16
242; 672; 87; 43
243; 250; 78; 2
244; 96; 77; 26
245; 1340; 3; 36
246; 659; 38; 21
247; 642; 38; 20
248; 599; 69; 12
249; 263; 17; 33
250; 400; 61; 31
251; 230; 83; 37
252; 677; 90; 40
253; 763; 35; 1
254; 1921; 11; 16
255; 863; 25; 22
256; 1957; 72; 6
257; 420; 41; 26
258; 1476; 80; 26
259; 1683; 62; 2
260; 1845; 80; 27
261; 1420; 86; 31
262; 1004; 90; 26
263; 1745; 88; 40
264; 492; 58; 8
265; 1403; 22; 47
266; 1306; 66; 44
267; 1399; 29; 16
268; 464; 57; 25
269; 1985; 47; 40
270; 811; 88; 6
271; 101; 29; 4
272; 1528; 41; 10
273; 106; 74; 6
274; 106; 43; 4
275; 1557; 59; 29
276; 1082; 89; 12
277; 1168; 30; 31
278; 1562; 49; 47
279; 1329; 3; 49
280; 788; 6; 2
281; 252; 53; 29
282; 321; 30; 35
283; 1694; 29; 32
284; 115; 91; 29
285; 843; 99; 8
286; 1710; 9; 17
287; 1676; 83; 33
288; 181; 33; 25
289; 1337; 22; 28
290; 1454; 32; 42
291; 921; 43; 10
292; 1554; 23; 29
293; 1557; 85; 18
294; 442; 23; 25
295; 1359; 41; 31
296; 552; 36; 27
297; 1639; 31; 29
298; 1221; 32; 49
299; 769; 18; 34
300; 101; 74; 36
301; 149; 68; 34
302; 604; 49; 8
303; 1818; 20; 42
304; 1403; 18; 39
305; 1005; 75; 1
306; 1118; 11; 29
307; 1383; 59; 45
308; 82; 96; 32
309; 365; 87; 27
310; 34; 40; 17
311; 749; 10; 46
312; 1877; 45; 44
313; 773; 31; 46
314; 346; 12; 39
315; 1245; 76; 48
316; 1916; 25; 2
317; 1606; 69; 48
318; 376; 1; 44
319; 1692; 89; 38
320; 747; 45; 22
321; 877; 70; 18
322; 636; 15; 7
323; 1684; 74; 33
324; 400; 90; 32
325; 291; 14; 5
326; 313; 91; 18
327; 559; 19; 24
328; 1700; 90; 49
329; 979; 94; 14
330; 1784; 18; 41
331; 336; 72; 18
332; 1673; 93; 49
333; 15; 17; 15
334; 1437; 90; 42
335; 551; 44; 47
336; 1729; 59; 30
337; 430; 92; 31
338; 1504; 57; 29
339; 266; 95; 28
340; 431; 53; 36
341; 299; 13; 25
342; 642; 66; 21
343; 925; 2; 31
344; 1416; 1; 35
345; 1472; 2; 46
346; 550; 84; 20
347; 1826; 71; 29
348; 1094; 81; 24
349; 609; 51; 10
350; 1817; 3; 15
351; 1165; 1; 36
352; 1759; 80; 10
353; 418; 23; 15
354; 1532; 80; 7
355; 419; 4; 39
356; 522; 18; 13
357; 1076; 55; 1
358; 1664; 13; 29
359; 367; 1; 6
360; 1110; 9; 7
361; 949; 40; 32
362; 1832; 12; 40
363; 721; 1; 9
364; 1833; 76; 27
365; 1995; 59; 45
366; 1512; 1; 13
367; 894; 78; 5
368; 612; 4; 4
369; 1607; 79; 20
370; 732; 15; 16
371; 1267; 79; 5
372; 586; 8; 47
373; 330; 32; 17
374; 1236; 59; 21
375; 1258; 5; 16
376; 177; 42; 47
377; 1118; 49; 26
378; 1299; 93; 25
379; 1010; 57; 27
380; 1601; 89; 34
381; 772; 25; 44
382; 362; 27; 25
383; 1069; 52; 35
384; 1374; 66; 8
385; 173; 5; 21
386; 945; 75; 49
387; 892; 93; 19
388; 1535; 1; 8
389; 1016; 94; 33
390; 1348; 2; 20
391; 150; 3; 16
392; 1657; 99; 6
393; 512; 94; 10
394; 917; 3; 23
395; 135; 32; 1
396; 1353; 50; 5
397; 959; 51; 21
398; 498; 10; 48
399; 262; 14; 9
400; 1822; 41; 40
401; 1484; 68; 24
402; 4; 25; 33
403; 512; 37; 17
404; 1518; 55; 44
405; 589; 53; 42
406; 1714; 22; 7
407; 829; 41; 17
408; 1322; 63; 13
409; 1226; 64; 33
410; 302; 23; 2
411; 838; 43; 48
412; 18; 41; 28
413; 234; 30; 31
414; 1451; 37; 39
415; 241; 49; 2
416; 888; 36; 45
417; 1393; 100; 43
418; 1672; 38; 48
419; 1420; 38; 16
420; 786; 50; 47
421; 939; 96; 18
422; 713; 5; 39
423; 1462; 86; 43
424; 191; 94; 20
425; 1263; 30; 33
426; 1498; 41; 22
427; 150; 88; 39
428; 563; 86; 38
429; 652; 91; 21
430; 508; 14; 6
431; 67; 63; 21
432; 1756; 21; 27
433; 1352; 48; 16
434; 1503; 90; 25
435; 1069; 84; 47
436; 246; 83; 18
437; 1465; 35; 5
438; 347; 52; 43
439; 1179; 95; 20
440; 1585; 91; 41
441; 1199; 53; 34
442; 52; 46; 40
443; 1066; 37; 38
444; 1658; 44; 14
445; 628; 15; 41
446; 1731; 38; 41
447; 438; 19; 9
448; 1890; 12; 13
449; 1787; 19; 23
450; 917; 15; 2
451; 151; 46; 19
452; 1218; 41; 33
453; 1979; 30; 5
454; 1272; 73; 14
455; 915; 3; 44
456; 225; 38; 17
457; 683; 61; 20
458; 1658; 71; 22
459; 1426; 68; 40
460; 1152; 58; 11
461; 817; 48; 25
462; 714; 96; 36
463; 1237; 37; 34
464; 1018; 73; 26
465; 1609; 15; 27
466; 166; 32; 40
467; 461; 87; 46
468; 1183; 88; 44
469; 1543; 93; 41
470; 714; 61; 32
471; 912; 42; 46
472; 19; 6; 49
473; 183; 80; 40
474; 475; 51; 35
475; 1250; 17; 41
476; 1323; 24; 24
477; 1848; 1; 30
478; 812; 58; 12
479; 910; 52; 32
480; 1279; 39; 38
481; 829; 73; 11
482; 641; 74; 28
483; 994; 16; 35
484; 1039; 86; 14
485; 452; 96; 4
486; 440; 68; 31
487; 758; 87; 25
488; 304; 80; 18
489; 806; 16; 27
490; 1677; 51; 43
491; 1381; 93; 35
492; 653; 16; 21
493; 424; 67; 38
494; 121; 20; 30
495; 399; 57; 48
496; 1039; 15; 21
497; 749; 18; 25
498; 757; 68; 25
499; 1083; 79; 29
500; 1163; 54; 1
501; 743; 44; 36
502; 1208; 53; 6
503; 147; 97; 14
504; 526; 42; 44
505; 1541; 9; 31
506; 1194; 44; 14
507; 1030; 43; 2
508; 1226; 85; 35
509; 1897; 56; 39
510; 462; 31; 32
511; 1589; 23; 47
512; 525; 35; 43
513; 1846; 100; 28
514; 1397; 29; 8
515; 1601; 86; 4
516; 109; 17; 40
517; 805; 43; 30
518; 1026; 37; 7
519; 1155; 93; 32
520; 1441; 46; 46
521; 1403; 7; 2
522; 711; 24; 38
523; 1507; 47; 38
524; 166; 99; 11
525; 1381; 39; 33
526; 1345; 91; 5
527; 1427; 9; 31
528; 747; 21; 46
529; 891; 78; 13
530; 902; 18; 18
531; 117; 16; 9
532; 1488; 32; 9
533; 289; 67; 5
534; 1377; 11; 18
535; 1185; 81; 33
536; 1603; 75; 16
537; 1264; 76; 18
538; 61; 42; 38
539; 874; 61; 22
540; 1672; 84; 5
541; 642; 61; 18
542; 1509; 76; 29
543; 36; 29; 49
544; 1891; 30; 27
545; 263; 52; 21
546; 1626; 30; 39
547; 962; 23; 35
548; 561; 44; 2
549; 676; 23; 34
550; 1708; 78; 47
551; 1740; 23; 37
552; 787; 65; 25
553; 1386; 58; 6
554; 749; 86; 15
555; 666; 17; 2
556; 1523; 68; 31
557; 1825; 3; 47
558; 1337; 93; 47
559; 1568; 68; 44
560; 995; 69; 29
561; 1805; 6; 12
562; 1557; 24; 12
563; 1294; 69; 14
564; 247; 32; 45
565; 168; 43; 41
566; 422; 51; 5
567; 1006; 85; 15
568; 1192; 82; 29
569; 568; 86; 43
570; 577; 87; 14
571; 1746; 25; 24
572; 1700; 69; 43
573; 1896; 26; 30
574; 612; 28; 29
575; 995; 74; 38
576; 320; 81; 46
577; 767; 93; 44
578; 617; 83; 12
579; 1638; 35; 29
580; 1423; 55; 9
581; 1297; 31; 49
582; 983; 67; 18
583; 1787; 76; 16
584; 86; 92; 30
585; 693; 39; 33
586; 458; 12; 46
587; 747; 85; 43
588; 614; 20; 25
589; 816; 42; 39
590; 325; 90; 44
591; 375; 16; 3
592; 1704; 14; 41
593; 1143; 95; 36
594; 728; 97; 28
595; 716; 83; 29
596; 603; 37; 41
597; 835; 81; 24
598; 1084; 49; 9
599; 1228; 70; 11
600; 1603; 94; 23
601; 1021; 29; 10
602; 435; 86; 14
603; 385; 43; 42
604; 1874; 68; 35
605; 1650; 20; 18
606; 859; 71; 19
607; 1177; 83; 19
608; 602; 44; 44
609; 1699; 60; 19
610; 1838; 74; 37
611; 1798; 56; 5
612; 374; 3; 28
613; 290; 69; 2
614; 1965; 83; 19
615; 1012; 42; 13
616; 567; 19; 15
617; 674; 29; 32
618; 824; 65; 29
619; 1877; 16; 32
620; 1296; 51; 25
621; 969; 68; 24
622; 895; 81; 25
623; 414; 71; 2
624; 260; 53; 45
625; 216; 34; 41
626; 1074; 91; 9
627; 197; 91; 27
628; 957; 25; 47
629; 686; 77; 15
630; 763; 70; 41
631; 447; 7; 12
632; 792; 62; 47
633; 493; 28; 20
634; 731; 70; 12
635; 1040; 35; 11
636; 648; 2; 37
637; 1200; 6; 4
638; 475; 21; 42
639; 298; 90; 22
640; 65; 100; 25
641; 145; 76; 41
642; 716; 52; 5
643; 556; 9; 2
644; 1502; 93; 8
645; 1279; 73; 44
646; 1585; 30; 27
647; 751; 100; 2
648; 1246; 73; 10
649; 1332; 46; 11
650; 1174; 90; 46
651; 1283; 55; 20
652; 281; 78; 17
653; 1190; 13; 45
654; 1511; 2; 35
655; 1656; 1; 34
656; 165; 6; 18
657; 1267; 51; 35
658; 1590; 52; 19
659; 1710; 21; 37
660; 1264; 99; 27
661; 1166; 4; 41
662; 683; 15; 17
663; 343; 22; 27
664; 597; 38; 27
665; 165; 47; 8
666; 1961; 26; 39
667; 1348; 24; 3
668; 1119; 4; 2
669; 987; 11; 22
670; 755; 16; 2
671; 655; 12; 44
672; 386; 35; 19
673; 181; 31; 17
674; 488; 41; 13
675; 1957; 97; 26
676; 1777; 72; 46
677; 1578; 8; 3
678; 881; 85; 9
679; 631; 91; 28
680; 177; 81; 33
681; 1797; 92; 48
682; 1225; 10; 3
683; 89; 19; 2
684; 541; 75; 3
685; 1624; 70; 3
686; 1019; 94; 41
687; 1537; 90; 4
688; 464; 38; 22
689; 1931; 10; 4
690; 480; 27; 22
691; 561; 50; 10
692; 1519; 3; 7
693; 644; 41; 21
694; 972; 70; 2
695; 1920; 77; 12
696; 451; 7; 34
697; 689; 17; 31
698; 1370; 31; 44
699; 837; 27; 3
700; 1611; 96; 2
701; 502; 91; 1
702; 1018; 63; 24
703; 1374; 27; 11
704; 791; 20; 12
705; 1814; 54; 46
706; 399; 91; 7
707; 1085; 99; 36
708; 1679; 62; 44
709; 1998; 57; 46
710; 1959; 56; 15
711; 459; 53; 20
712; 1079; 6; 40
713; 1361; 44; 38
714; 215; 7; 33
715; 1077; 32; 28
716; 1989; 12; 42
717; 1215; 18; 30
718; 777; 11; 30
719; 1144; 38; 48
720; 301; 19; 8
721; 314; 40; 23
722; 157; 86; 37
723; 40; 75; 2
724; 800; 76; 14
725; 1779; 36; 25
726; 73; 34; 21
727; 1078; 24; 45
728; 444; 85; 30
729; 979; 70; 44
730; 779; 31; 22
731; 1868; 52; 49
732; 141; 52; 38
733; 898; 3; 40
734; 1955; 70; 35
735; 1461; 51; 13
736; 1830; 31; 30
737; 164; 54; 27
738; 1684; 12; 12
739; 130; 51; 44
740; 1282; 56; 20
741; 551; 69; 9
742; 638; 74; 33
743; 1401; 14; 11
744; 1935; 33; 29
745; 764; 82; 45
746; 1489; 79; 16
747; 31; 5; 21
748; 209; 66; 14
749; 150; 92; 18
750; 1035; 66; 35
751; 133; 32; 22
752; 412; 90; 22
753; 100; 65; 22
754; 203; 32; 12
755; 1849; 42; 38
756; 926; 31; 49
757; 567; 90; 6
758; 496; 34; 31
759; 1476; 100; 18
760; 960; 85; 24
761; 1699; 23; 36
762; 66; 50; 17
763; 1645; 28; 48
764; 1341; 98; 26
765; 622; 56; 17
766; 704; 20; 12
767; 463; 34; 46
768; 1092; 70; 17
769; 1786; 58; 18
770; 754; 20; 8
771; 715; 1; 18
772; 1956; 17; 6
773; 1339; 74; 14
774; 1480; 90; 30
775; 876; 11; 37
776; 747; 12; 8
777; 1609; 74; 27
778; 1172; 68; 42
779; 456; 16; 37
780; 381; 85; 29
781; 846; 57; 30
782; 1056; 63; 24
783; 459; 88; 27
784; 186; 58; 16
785; 854; 71; 8
786; 1101; 3; 13
787; 17; 96; 48
788; 30; 66; 22
789; 1899; 17; 5
790; 1009; 14; 35
791; 303; 70; 32
792; 951; 90; 23
793; 118; 38; 26
794; 1846; 73; 29
795; 1351; 64; 35
796; 1137; 53; 32
797; 1826; 61; 27
798; 1332; 100; 26
799; 429; 41; 4
800; 335; 5; 38
801; 1632; 96; 25
802; 1081; 30; 37
803; 256; 25; 21
804; 1363; 42; 36
805; 338; 76; 7
806; 973; 55; 24
807; 1174; 40; 3
808; 55; 85; 16
809; 963; 36; 32
810; 663; 64; 38
811; 608; 52; 32
812; 964; 83; 41
813; 881; 94; 41
814; 324; 25; 21
815; 1194; 12; 1
816; 767; 6; 30
817; 1714; 71; 19
818; 1000; 79; 39
819; 1161; 96; 15
820; 1; 93; 8
821; 337; 41; 11
822; 123; 77; 31
823; 620; 69; 31
824; 97; 71; 44
825; 1211; 10; 32
826; 582; 55; 33
827; 105; 40; 38
828; 106; 52; 20
829; 282; 63; 15
830; 1814; 29; 43
831; 827; 61; 45
832; 1535; 27; 46
833; 1083; 92; 26
834; 1254; 29; 35
835; 1457; 7; 19
836; 285; 82; 25
837; 1793; 14; 39
838; 1705; 7; 15
839; 906; 56; 35
840; 1916; 85; 37
841; 276; 48; 48
842; 1563; 53; 46
843; 67; 39; 5
844; 1413; 27; 44
845; 1903; 40; 30
846; 684; 92; 24
847; 1530; 78; 38
848; 56; 17; 8
849; 942; 31; 22
850; 1302; 92; 30
851; 329; 100; 42
852; 838; 29; 10
853; 492; 51; 29
854; 524; 38; 46
855; 403; 4; 49
856; 1848; 51; 15
857; 95; 94; 38
858; 1083; 28; 36
859; 1165; 25; 20
860; 539; 26; 33
861; 1893; 65; 46
862; 1724; 15; 38
863; 1076; 23; 43
864; 1388; 92; 42
865; 630; 59; 3
866; 547; 72; 1
867; 1287; 73; 15
868; 588; 25; 48
869; 581; 97; 6
870; 821; 3; 20
871; 856; 31; 38
872; 107; 27; 1
873; 370; 27; 11
874; 1459; 84; 26
875; 1331; 85; 48
876; 1523; 36; 23
877; 275; 50; 22
878; 975; 19; 39
879; 1538; 34; 14
880; 716; 90; 36
881; 876; 89; 8
882; 1602; 94; 27
883; 1134; 36; 49
884; 538; 20; 29
885; 89; 6; 24
886; 1005; 27; 3
887; 677; 33; 2
888; 1742; 9; 43
889; 1797; 10; 16
890; 1325; 57; 32
891; 48; 24; 34
892; 937; 73; 16
893; 1977; 1; 38
894; 1212; 38; 3
895; 283; 75; 30
896; 1332; 32; 39
897; 1011; 27; 20
898; 1066; 80; 5
899; 1569; 38; 20
900; 460; 74; 38
901; 1988; 61; 44
902; 542; 37; 9
903; 706; 42; 38
904; 410; 89; 25
905; 1779; 94; 5
906; 1972; 55; 21
907; 913; 69; 20
908; 679; 64; 10
909; 19; 88; 17
910; 500; 74; 30
911; 38; 19; 35
912; 944; 45; 33
913; 1838; 56; 17
914; 1415; 76; 14
915; 617; 82; 42
916; 396; 42; 5
917; 1025; 60; 2
918; 1736; 10; 26
919; 1340; 67; 38
920; 1238; 51; 32
921; 1388; 27; 8
922; 791; 56; 40
923; 1650; 92; 1
924; 1452; 9; 31
925; 336; 11; 45
926; 115; 100; 47
927; 171; 97; 43
928; 911; 62; 24
929; 1072; 23; 31
930; 445; 98; 37
931; 1566; 54; 33
932; 1940; 78; 27
933; 735; 87; 30
934; 1362; 13; 19
935; 1539; 47; 11
936; 1433; 67; 43
937; 189; 40; 44
938; 1901; 56; 27
939; 1502; 41; 11
940; 196; 72; 33
941; 1987; 63; 7
942; 931; 12; 9
943; 1212; 61; 38
944; 255; 69; 30
945; 665; 3; 11
946; 976; 10; 38
947; 815; 84; 41
948; 1327; 32; 32
949; 503; 57; 27
950; 1894; 95; 7
951; 1513; 22; 21
952; 1708; 73; 45
953; 841; 13; 47
954; 1345; 85; 41
955; 458; 30; 40
956; 1178; 61; 22
957; 1905; 72; 43
958; 1189; 28; 5
959; 1742; 51; 32
960; 1118; 90; 17
961; 1039; 4; 5
962; 153; 49; 1
963; 365; 76; 22
964; 304; 44; 26
965; 1939; 1; 7
966; 687; 3; 28
967; 911; 38; 49
968; 599; 31; 18
969; 1114; 28; 34
970; 275; 54; 4
971; 843; 94; 19
972; 612; 87; 40
973; 1047; 97; 41
974; 1735; 52; 15
975; 1675; 71; 20
976; 435; 81; 13
977; 706; 1; 14
978; 496; 72; 36
979; 431; 3; 25
980; 1462; 52; 26
981; 968; 76; 26
982; 692; 5; 14
983; 874; 51; 36
984; 1568; 19; 29
985; 754; 24; 17
986; 151; 15; 35
987; 1211; 10; 45
988; 1213; 14; 45
989; 1048; 41; 24
990; 1665; 65; 1
991; 548; 24; 19
992; 594; 60; 33
993; 297; 28; 12
994; 405; 15; 24
995; 1751; 31; 25
996; 1139; 79; 7
997; 1744; 4; 26
998; 1003; 44; 16
999; 33; 52; 44
1000; 1436; 63; 40
1001; 1349; 8; 33
1002; 200; 99; 30
1003; 405; 33; 32
1004; 474; 19; 8
1005; 590; 54; 7
1006; 1701; 96; 25
1007; 285; 53; 8
1008; 1997; 58; 42
1009; 676; 88; 45
1010; 757; 49; 44
1011; 601; 49; 3
1012; 575; 31; 17
1013; 522; 85; 28
1014; 588; 69; 32
1015; 1429; 76; 1
1016; 810; 69; 19
1017; 809; 24; 1
1018; 111; 86; 32
1019; 807; 65; 27
1020; 76; 18; 6
1021; 1137; 38; 15
1022; 1501; 49; 12
1023; 1942; 21; 10
1024; 217; 76; 31
1025; 1663; 38; 22
1026; 205; 21; 9
1027; 686; 97; 37
1028; 83; 17; 8
1029; 34; 68; 21
1030; 383; 39; 28
1031; 1480; 17; 25
1032; 574; 36; 30
1033; 637; 44; 5
1034; 1286; 63; 41
1035; 178; 85; 42
1036; 1373; 33; 3
1037; 1135; 22; 24
1038; 1245; 91; 30
1039; 464; 95; 36
1040; 841; 9; 34
1041; 1789; 61; 20
1042; 1228; 21; 33
1043; 981; 4; 21
1044; 991; 55; 41
1045; 566; 6; 19
1046; 1077; 83; 14
1047; 1754; 55; 39
1048; 504; 45; 29
1049; 1022; 70; 30
1050; 987; 7; 22
1051; 71; 53; 13
1052; 1016; 20; 17
1053; 1362; 70; 19
1054; 1080; 17; 25
1055; 1829; 66; 21
1056; 77; 27; 2
1057; 887; 81; 13
1058; 1684; 63; 49
1059; 1799; 6; 33
1060; 19; 87; 18
1061; 757; 1; 9
1062; 1195; 22; 38
1063; 1168; 54; 32
1064; 1026; 55; 26
1065; 963; 33; 21
1066; 510; 11; 13
1067; 1831; 47; 45
1068; 790; 10; 33
1069; 444; 70; 35
1070; 157; 78; 29
1071; 1808; 67; 46
1072; 675; 7; 4
1073; 1458; 67; 16
1074; 36; 36; 47
1075; 1289; 73; 37
1076; 1312; 12; 23
1077; 1918; 52; 35
1078; 889; 5; 22
1079; 1683; 77; 27
1080; 787; 97; 17
1081; 203; 78; 16
1082; 1725; 45; 12
1083; 1958; 47; 25
1084; 1128; 81; 47
1085; 1753; 34; 36
1086; 657; 59; 27
1087; 42; 19; 19
1088; 889; 5; 19
1089; 1361; 91; 32
1090; 409; 95; 11
1091; 274; 8; 46
1092; 1311; 58; 13
1093; 18; 95; 19
1094; 1418; 56; 17
1095; 774; 28; 12
1096; 1607; 94; 35
1097; 1150; 1; 46
1098; 260; 48; 36
1099; 1458; 15; 43
1100; 557; 76; 46
1101; 298; 47; 4
1102; 1088; 3; 47
1103; 1605; 76; 45
1104; 464; 78; 18
1105; 1318; 5; 16
1106; 1143; 29; 23
1107; 808; 43; 20
1108; 1382; 34; 43
1109; 909; 69; 24
1110; 1547; 72; 34
1111; 730; 35; 46
1112; 222; 72; 40
1113; 1985; 97; 47
1114; 1457; 57; 19
1115; 692; 55; 42
1116; 1138; 71; 43
1117; 833; 89; 8
1118; 1522; 85; 1
1119; 865; 80; 44
1120; 574; 60; 13
1121; 1970; 90; 39
1122; 288; 42; 11
1123; 1378; 30; 16
1124; 667; 95; 19
1125; 38; 96; 38
1126; 198; 98; 40
1127; 943; 47; 40
1128; 1640; 71; 13
1129; 1834; 39; 6
1130; 1083; 78; 18
1131; 1815; 74; 2
1132; 1025; 35; 44
1133; 54; 39; 12
1134; 1143; 57; 42
1135; 1125; 14; 21
1136; 228; 9; 35
1137; 1703; 12; 43
1138; 654; 63; 1
1139; 369; 33; 10
1140; 1995; 15; 38
1141; 479; 71; 40
1142; 162; 9; 45
1143; 89; 70; 12
1144; 581; 78; 25
1145; 517; 66; 17
1146; 72; 87; 24
1147; 791; 23; 34
1148; 631; 60; 47
1149; 1590; 63; 15
1150; 771; 99; 33
1151; 436; 63; 34
1152; 919; 82; 47
1153; 441; 93; 32
1154; 179; 24; 35
1155; 242; 18; 44
1156; 802; 30; 15
1157; 455; 33; 11
1158; 1098; 27; 46
1159; 1883; 89; 15
1160; 1705; 75; 41
1161; 458; 47; 46
1162; 682; 57; 44
1163; 1901; 88; 21
1164; 2000; 17; 30
1165; 507; 54; 10
1166; 1226; 87; 19
1167; 487; 6; 32
1168; 1839; 15; 31
1169; 1254; 65; 7
1170; 238; 11; 22
1171; 217; 4; 7
1172; 752; 84; 14
1173; 309; 11; 9
1174; 301; 33; 43
1175; 463; 33; 47
1176; 762; 30; 24
1177; 709; 23; 30
1178; 168; 68; 20
1179; 402; 50; 29
1180; 1860; 52; 13
1181; 748; 61; 4
1182; 116; 88; 47
1183; 843; 78; 3
1184; 1471; 95; 29
1185; 1244; 89; 40
1186; 123; 90; 22
1187; 725; 20; 46
1188; 353; 93; 39
1189; 1663; 79; 3
1190; 533; 19; 6
1191; 128; 38; 8
1192; 1550; 47; 3
1193; 1677; 32; 11
1194; 1558; 66; 30
1195; 1912; 90; 18
1196; 1323; 49; 27
1197; 610; 92; 13
1198; 1364; 44; 32
1199; 72; 70; 1
1200; 1860; 85; 5
1201; 117; 65; 12
1202; 1607; 79; 22
1203; 219; 68; 34
1204; 35; 44; 30
1205; 1368; 23; 18
1206; 1628; 90; 11
1207; 655; 10; 2
1208; 496; 81; 48
1209; 1413; 33; 39
1210; 312; 79; 29
1211; 1798; 39; 41
1212; 1198; 42; 34
1213; 1301; 87; 10
1214; 298; 95; 43
1215; 1752; 16; 9
1216; 959; 54; 44
1217; 325; 22; 1
1218; 1441; 76; 36
1219; 1292; 48; 1
1220; 1791; 46; 4
1221; 1554; 76; 40
1222; 1964; 28; 49
1223; 351; 98; 5
1224; 1380; 66; 44
1225; 1928; 85; 45
1226; 1217; 86; 25
1227; 1262; 49; 47
1228; 1451; 53; 13
1229; 12; 100; 31
1230; 865; 36; 8
1231; 1122; 90; 19
1232; 1317; 52; 8
1233; 1940; 75; 12
1234; 714; 54; 3
1235; 52; 43; 44
1236; 1603; 5; 28
1237; 1820; 85; 41
1238; 615; 100; 8
1239; 1696; 72; 21
1240; 1244; 64; 24
1241; 500; 77; 14
1242; 892; 22; 24
1243; 808; 11; 26
1244; 1433; 53; 28
1245; 1470; 87; 21
1246; 1440; 30; 29
1247; 755; 69; 34
1248; 667; 35; 21
1249; 1994; 60; 13
1250; 1134; 16; 7
1251; 704; 59; 47
1252; 1636; 92; 40
1253; 1806; 43; 43
1254; 654; 17; 31
1255; 839; 33; 41
1256; 448; 65; 8
1257; 680; 9; 16
1258; 77; 81; 23
1259; 75; 44; 22
1260; 1728; 55; 45
1261; 1754; 15; 22
1262; 105; 78; 21
1263; 1189; 42; 15
1264; 22; 24; 8
1265; 1284; 46; 36
1266; 1151; 98; 47
1267; 10; 44; 15
1268; 1799; 85; 31
1269; 1037; 93; 5
1270; 273; 25; 7
1271; 550; 92; 33
1272; 907; 30; 20
1273; 445; 12; 48
1274; 58; 73; 22
1275; 930; 61; 28
1276; 1868; 50; 16
1277; 355; 89; 45
1278; 1246; 94; 17
1279; 1256; 17; 49
1280; 818; 35; 1
1281; 1570; 91; 5
1282; 1087; 17; 29
1283; 1467; 8; 12
1284; 1509; 58; 16
1285; 1684; 53; 2
1286; 1708; 44; 27
1287; 1762; 76; 24
1288; 11; 60; 41
1289; 1624; 2; 24
1290; 1160; 23; 23
1291; 903; 2; 36
1292; 781; 63; 41
1293; 1523; 89; 10
1294; 847; 94; 36
1295; 906; 74; 49
1296; 698; 39; 28
1297; 611; 51; 35
1298; 290; 69; 40
1299; 324; 100; 22
1300; 1802; 46; 32
1301; 836; 25; 11
1302; 758; 52; 1
1303; 1915; 50; 32
1304; 1552; 91; 38
1305; 323; 60; 1
1306; 1004; 43; 23
1307; 1700; 90; 27
1308; 1552; 71; 45
1309; 840; 51; 17
1310; 1410; 76; 26
1311; 653; 89; 34
1312; 205; 41; 19
1313; 596; 51; 41
1314; 1293; 69; 49
1315; 793; 37; 16
1316; 656; 54; 38
1317; 701; 4; 5
1318; 1487; 64; 19
1319; 1311; 17; 31
1320; 611; 27; 14
1321; 770; 92; 31
1322; 1598; 34; 31
1323; 82; 95; 14
1324; 594; 18; 17
1325; 1316; 31; 18
1326; 643; 38; 27
1327; 995; 70; 41
1328; 62; 48; 24
1329; 1137; 52; 22
1330; 1901; 37; 43
1331; 83; 71; 2
1332; 629; 31; 16
1333; 1258; 31; 17
1334; 1883; 59; 7
1335; 260; 20; 23
1336; 1886; 97; 14
1337; 387; 3; 18
1338; 1512; 33; 37
1339; 1259; 50; 3
1340; 1089; 50; 45
1341; 1581; 70; 48
1342; 529; 14; 49
1343; 477; 100; 35
1344; 1482; 15; 28
1345; 1398; 16; 1
1346; 509; 30; 30
1347; 319; 16; 31
1348; 494; 27; 47
1349; 1943; 52; 12
1350; 1737; 76; 4
1351; 446; 60; 5
1352; 492; 82; 17
1353; 1693; 97; 14
1354; 217; 20; 6
1355; 169; 14; 34
1356; 1578; 36; 20
1357; 1944; 19; 48
1358; 63; 35; 7
1359; 1573; 3; 4
1360; 1894; 24; 44
1361; 46; 71; 2
1362; 5; 27; 20
1363; 371; 79; 9
1364; 289; 2; 18
1365; 355; 93; 37
1366; 1865; 43; 9
1367; 532; 92; 19
1368; 636; 72; 24
1369; 1911; 30; 43
1370; 1409; 22; 13
1371; 709; 54; 1
1372; 1847; 29; 29
1373; 840; 93; 21
1374; 1691; 55; 3
1375; 405; 76; 31
1376; 348; 39; 26
1377; 1061; 45; 6
1378; 1345; 90; 47
1379; 745; 85; 28
1380; 537; 60; 40
1381; 1109; 16; 1
1382; 895; 80; 11
1383; 1361; 20; 1
1384; 1983; 57; 6
1385; 860; 71; 26
1386; 1244; 1; 4
1387; 175; 44; 46
1388; 999; 88; 8
1389; 954; 43; 40
1390; 937; 88; 4
1391; 597; 36; 47
1392; 462; 16; 8
1393; 1281; 48; 40
1394; 1567; 46; 43
1395; 1636; 26; 9
1396; 1836; 28; 42
1397; 403; 16; 20
1398; 61; 49; 34
1399; 141; 38; 47
1400; 1794; 61; 3
1401; 1480; 52; 4
1402; 1930; 67; 34
1403; 1165; 77; 13
1404; 23; 1; 24
1405; 113; 62; 41
1406; 1757; 23; 32
1407; 442; 30; 9
1408; 1600; 99; 22
1409; 359; 33; 1
1410; 531; 59; 29
1411; 1895; 41; 25
1412; 1487; 16; 36
1413; 954; 95; 5
1414; 1454; 90; 48
1415; 901; 92; 22
1416; 254; 18; 17
1417; 1566; 75; 22
1418; 209; 33; 10
1419; 448; 53; 9
1420; 100; 73; 26
1421; 1355; 48; 43
1422; 1366; 65; 6
1423; 687; 36; 6
1424; 152; 37; 13
1425; 400; 21; 35
1426; 1261; 75; 39
1427; 52; 17; 12
1428; 1755; 8; 40
1429; 1281; 89; 47
1430; 1420; 88; 22
1431; 779; 37; 11
1432; 1629; 22; 16
1433; 1409; 25; 5
1434; 1982; 68; 4
1435; 498; 47; 34
1436; 1590; 41; 34
1437; 66; 91; 43
1438; 1684; 29; 39
1439; 1527; 95; 14
1440; 1847; 87; 35
1441; 429; 14; 5
1442; 313; 60; 47
1443; 796; 81; 10
1444; 967; 61; 24
1445; 1024; 52; 28
1446; 1264; 26; 43
1447; 377; 20; 34
1448; 1261; 49; 8
1449; 1586; 93; 16
1450; 1782; 4; 17
1451; 929; 1; 32
1452; 830; 26; 3
1453; 1833; 76; 34
1454; 1294; 80; 34
1455; 412; 39; 3
1456; 441; 29; 19
1457; 383; 87; 46
1458; 1839; 84; 43
1459; 900; 100; 30
1460; 785; 62; 8
1461; 1876; 79; 3
1462; 367; 82; 3
1463; 566; 93; 6
1464; 1232; 61; 46
1465; 1737; 83; 21
1466; 550; 34; 40
1467; 909; 94; 31
1468; 1448; 56; 41
1469; 765; 61; 22
1470; 1928; 26; 22
1471; 1854; 58; 38
1472; 651; 78; 8
1473; 474; 74; 36
1474; 1203; 29; 25
1475; 1119; 97; 26
1476; 16; 28; 24
1477; 1311; 99; 8
1478; 1174; 84; 45
1479; 1942; 13; 23
1480; 1058; 20; 24
1481; 721; 12; 15
1482; 654; 49; 48
1483; 1358; 21; 2
1484; 1911; 98; 1
1485; 1406; 36; 4
1486; 1245; 74; 49
1487; 72; 85; 44
1488; 77; 41; 40
1489; 1745; 87; 31
1490; 1303; 68; 18
1491; 1041; 74; 4
1492; 1550; 22; 47
1493; 363; 21; 13
1494; 1851; 25; 24
1495; 542; 91; 20
1496; 1067; 35; 24
1497; 1866; 38; 41
1498; 490; 38; 12
1499; 555; 65; 44
1500; 1758; 13; 21
1501; 1895; 19; 15
1502; 1692; 1; 37
1503; 1720; 12; 26
1504; 1905; 72; 25
1505; 1687; 37; 2
1506; 143; 11; 43
1507; 352; 82; 36
1508; 343; 96; 10
1509; 1734; 96; 11
1510; 667; 57; 42
1511; 1098; 68; 3
1512; 894; 47; 40
1513; 1971; 25; 15
1514; 1333; 4; 22
1515; 85; 52; 31
1516; 1774; 2; 11
1517; 131; 9; 30
1518; 304; 11; 31
1519; 487; 49; 41
1520; 707; 59; 16
1521; 1743; 93; 1
1522; 1124; 49; 1
1523; 92; 46; 47
1524; 214; 88; 9
1525; 1886; 53; 34
1526; 1645; 59; 41
1527; 348; 30; 33
1528; 500; 70; 21
1529; 871; 37; 39
1530; 119; 31; 21
1531; 569; 4; 5
1532; 1142; 45; 22
1533; 11; 95; 32
1534; 1857; 43; 40
1535; 808; 87; 43
1536; 370; 83; 6
1537; 1550; 64; 1
1538; 661; 22; 16
1539; 1470; 25; 28
1540; 1504; 71; 16
1541; 1467; 91; 3
1542; 1406; 62; 1
1543; 264; 96; 46
1544; 1078; 60; 1
1545; 522; 54; 11
1546; 139; 23; 2
1547; 1194; 5; 31
1548; 41; 37; 25
1549; 1812; 1; 23
1550; 1988; 14; 41
1551; 1270; 10; 38
1552; 196; 26; 13
1553; 1089; 15; 13
1554; 1057; 81; 38
1555; 487; 83; 5
1556; 579; 31; 32
1557; 1674; 50; 40
1558; 402; 42; 47
1559; 1137; 55; 47
1560; 1000; 85; 28
1561; 580; 12; 18
1562; 1093; 8; 17
1563; 248; 27; 24
1564; 1226; 19; 3
1565; 1249; 92; 3
1566; 148; 13; 17
1567; 1026; 61; 4
1568; 1930; 24; 8
1569; 656; 70; 34
1570; 50; 26; 37
1571; 1382; 73; 6
1572; 782; 72; 34
1573; 1592; 13; 28
1574; 1649; 80; 14
1575; 1459; 80; 8
1576; 443; 30; 47
1577; 1240; 34; 48
1578; 1504; 61; 1
1579; 1204; 66; 46
1580; 649; 74; 42
1581; 609; 63; 47
1582; 1161; 39; 38
1583; 533; 19; 10
1584; 46; 22; 15
1585; 1964; 14; 2
1586; 416; 61; 4
1587; 613; 30; 4
1588; 861; 59; 18
1589; 1341; 38; 15
1590; 1770; 60; 2
1591; 1243; 46; 9
1592; 800; 68; 33
1593; 1231; 37; 11
1594; 1581; 25; 44
1595; 270; 98; 6
1596; 107; 19; 38
1597; 1556; 55; 9
1598; 1107; 40; 16
1599; 1750; 79; 14
1600; 1230; 45; 44
1601; 60; 32; 13
1602; 1425; 53; 30
1603; 1820; 25; 32
1604; 896; 32; 16
1605; 1383; 27; 42
1606; 647; 8; 1
1607; 666; 83; 38
1608; 1996; 36; 26
1609; 89; 54; 31
1610; 935; 2; 30
1611; 963; 22; 27
1612; 1548; 10; 35
1613; 564; 91; 41
1614; 165; 96; 21
1615; 309; 53; 11
1616; 186; 92; 7
1617; 724; 69; 32
1618; 1471; 82; 11
1619; 1191; 14; 11
1620; 228; 82; 25
1621; 598; 13; 33
1622; 1270; 38; 5
1623; 518; 62; 24
1624; 880; 65; 6
1625; 1635; 10; 48
1626; 1019; 93; 9
1627; 1647; 89; 9
1628; 426; 95; 16
1629; 710; 96; 41
1630; 665; 44; 49
1631; 626; 22; 3
1632; 223; 54; 26
1633; 877; 34; 31
1634; 1947; 37; 12
1635; 1848; 88; 7
1636; 481; 87; 15
1637; 1091; 53; 34
1638; 1372; 60; 41
1639; 857; 14; 2
1640; 340; 72; 5
1641; 1813; 100; 36
1642; 1502; 9; 33
1643; 1518; 13; 8
1644; 524; 75; 23
1645; 549; 28; 46
1646; 157; 64; 34
1647; 1956; 61; 5
1648; 72; 4; 46
1649; 792; 75; 17
1650; 951; 35; 2
1651; 390; 64; 22
1652; 1000; 21; 5
1653; 888; 76; 15
1654; 695; 83; 5
1655; 1296; 30; 8
1656; 1034; 95; 22
1657; 200; 86; 27
1658; 821; 17; 37
1659; 946; 82; 42
1660; 1672; 56; 19
1661; 1636; 1; 41
1662; 776; 39; 9
1663; 1853; 49; 6
1664; 1117; 3; 11
1665; 1368; 84; 39
1666; 807; 88; 44
1667; 1287; 58; 33
1668; 1992; 40; 2
1669; 910; 23; 6
1670; 1247; 86; 23
1671; 745; 18; 40
1672; 905; 9; 49
1673; 689; 90; 2
1674; 1691; 2; 28
1675; 401; 7; 17
1676; 268; 81; 33
1677; 512; 82; 41
1678; 722; 78; 36
1679; 1299; 18; 26
1680; 1890; 57; 24
1681; 1147; 24; 44
1682; 871; 69; 13
1683; 438; 97; 34
1684; 13; 52; 46
1685; 453; 70; 6
1686; 258; 7; 16
1687; 752; 60; 33
1688; 845; 85; 38
1689; 1038; 79; 48
1690; 1855; 93; 14
1691; 1768; 77; 12
1692; 84; 56; 35
1693; 254; 9; 7
1694; 1022; 23; 37
1695; 1885; 63; 16
1696; 981; 63; 1
1697; 1363; 56; 40
1698; 182; 58; 8
1699; 483; 47; 8
1700; 1383; 80; 29
1701; 911; 90; 32
1702; 1601; 99; 30
1703; 1371; 68; 38
1704; 1742; 44; 4
1705; 515; 71; 27
1706; 1337; 59; 38
1707; 494; 71; 29
1708; 626; 7; 2
1709; 1966; 44; 32
1710; 1538; 9; 17
1711; 1715; 56; 38
1712; 785; 10; 8
1713; 1280; 2; 4
1714; 655; 51; 4
1715; 1821; 86; 21
1716; 1665; 32; 5
1717; 612; 77; 9
1718; 852; 6; 11
1719; 1393; 65; 36
1720; 1155; 54; 1
1721; 1393; 43; 14
1722; 1698; 43; 37
1723; 92; 27; 37
1724; 707; 28; 19
1725; 1042; 96; 40
1726; 1430; 37; 2
1727; 297; 47; 39
1728; 405; 98; 33
1729; 1642; 58; 28
1730; 191; 18; 42
1731; 1725; 75; 13
1732; 50; 82; 27
1733; 1162; 32; 1
1734; 1156; 51; 1
1735; 498; 55; 47
1736; 589; 54; 21
1737; 1007; 93; 48
1738; 1202; 22; 30
1739; 847; 6; 40
1740; 844; 42; 43
1741; 1482; 99; 23
1742; 1267; 67; 39
1743; 1756; 66; 10
1744; 47; 74; 25
1745; 1196; 18; 35
1746; 1673; 86; 31
1747; 1445; 28; 39
1748; 630; 38; 2
1749; 808; 84; 6
1750; 1642; 77; 14
1751; 1482; 55; 19
1752; 1291; 53; 18
1753; 706; 98; 26
1754; 365; 96; 1
1755; 1468; 83; 11
1756; 1824; 9; 45
1757; 1872; 15; 31
1758; 644; 13; 15
1759; 1406; 24; 49
1760; 1602; 12; 23
1761; 871; 93; 14
1762; 422; 29; 9
1763; 18; 94; 19
1764; 202; 67; 24
1765; 1184; 60; 45
1766; 1882; 40; 45
1767; 1107; 36; 41
1768; 1798; 23; 21
1769; 1398; 48; 10
1770; 1547; 62; 7
1771; 725; 71; 6
1772; 1564; 63; 14
1773; 1559; 68; 23
1774; 1716; 64; 10
1775; 681; 22; 6
1776; 1966; 19; 35
1777; 678; 69; 22
1778; 1992; 72; 32
1779; 279; 72; 37
1780; 1703; 19; 6
1781; 654; 94; 2
1782; 1261; 44; 31
1783; 1452; 33; 21
1784; 116; 82; 16
1785; 404; 51; 43
1786; 451; 85; 49
1787; 1778; 42; 3
1788; 1194; 98; 48
1789; 560; 23; 23
1790; 394; 86; 37
1791; 550; 86; 12
1792; 259; 13; 40
1793; 838; 10; 32
1794; 1460; 88; 9
1795; 823; 64; 15
1796; 608; 99; 28
1797; 718; 85; 43
1798; 253; 11; 40
1799; 1912; 58; 28
1800; 887; 34; 12
1801; 178; 84; 41
1802; 649; 17; 15
1803; 179; 14; 16
1804; 575; 72; 37
1805; 676; 9; 27
1806; 1671; 57; 49
1807; 1201; 100; 14
1808; 1669; 50; 36
1809; 1123; 7; 45
1810; 1293; 6; 49
1811; 882; 75; 3
1812; 628; 95; 19
1813; 548; 54; 9
1814; 1155; 58; 48
1815; 1449; 64; 26
1816; 1192; 82; 9
1817; 1995; 80; 26
1818; 642; 35; 1
1819; 440; 78; 40
1820; 628; 73; 35
1821; 1648; 51; 2
1822; 828; 41; 34
1823; 1491; 41; 26
1824; 1527; 31; 33
1825; 1982; 76; 27
1826; 1114; 71; 21
1827; 1782; 49; 14
1828; 286; 31; 48
1829; 1666; 12; 5
1830; 1483; 42; 22
1831; 1759; 46; 44
1832; 1591; 80; 48
1833; 1619; 57; 39
1834; 1215; 75; 46
1835; 585; 59; 11
1836; 1084; 29; 10
1837; 500; 50; 38
1838; 1821; 56; 10
1839; 1902; 45; 17
1840; 1522; 97; 35
1841; 1433; 13; 47
1842; 1373; 91; 30
1843; 1110; 43; 48
1844; 1926; 14; 13
1845; 1349; 100; 29
1846; 149; 83; 37
1847; 1457; 20; 40
1848; 223; 32; 34
1849; 1508; 74; 26
1850; 1901; 55; 16
1851; 9; 41; 5
1852; 1883; 87; 12
1853; 757; 66; 44
1854; 548; 87; 23
1855; 1028; 18; 32
1856; 213; 65; 28
1857; 1810; 37; 19
1858; 236; 50; 32
1859; 295; 55; 21
1860; 1318; 10; 20
1861; 1041; 64; 26
1862; 1833; 76; 43
1863; 1176; 9; 30
1864; 1429; 3; 13
1865; 765; 93; 37
1866; 546; 60; 10
1867; 1592; 44; 27
1868; 1247; 69; 37
1869; 162; 85; 43
1870; 91; 28; 14
1871; 1784; 1; 47
1872; 1946; 33; 14
1873; 1853; 94; 8
1874; 630; 90; 40
1875; 581; 65; 24
1876; 1253; 37; 46
1877; 414; 84; 39
1878; 476; 13; 38
1879; 279; 58; 35
1880; 767; 31; 44
1881; 657; 11; 9
1882; 1128; 51; 20
1883; 753; 14; 47
1884; 957; 5; 38
1885; 1561; 81; 39
1886; 917; 26; 14
1887; 188; 81; 47
1888; 1138; 48; 31
1889; 582; 10; 37
1890; 411; 8; 17
1891; 1671; 46; 7
1892; 468; 70; 7
1893; 953; 3; 27
1894; 205; 30; 2
1895; 560; 69; 36
1896; 1887; 70; 12
1897; 744; 52; 34
1898; 1380; 3; 45
1899; 1750; 80; 37
1900; 1844; 10; 1
1901; 527; 100; 45
1902; 1022; 2; 18
1903; 128; 11; 37
1904; 1821; 62; 49
1905; 1034; 76; 22
1906; 1341; 90; 17
1907; 1812; 11; 33
1908; 1645; 3; 3
1909; 741; 59; 23
1910; 600; 90; 37
1911; 1590; 97; 20
1912; 822; 80; 2
1913; 1345; 20; 45
1914; 316; 36; 39
1915; 1929; 57; 28
1916; 833; 30; 8
1917; 866; 80; 26
1918; 1732; 33; 11
1919; 689; 36; 12
1920; 1528; 33; 47
1921; 271; 15; 14
1922; 1639; 60; 43
1923; 499; 35; 9
1924; 628; 2; 20
1925; 1139; 32; 21
1926; 1870; 91; 19
1927; 419; 60; 36
1928; 611; 76; 43
1929; 651; 46; 47
1930; 694; 69; 10
1931; 1541; 100; 32
1932; 869; 74; 19
1933; 1004; 38; 29
1934; 1849; 23; 49
1935; 1815; 91; 48
1936; 616; 16; 1
1937; 866; 61; 38
1938; 1261; 89; 10
1939; 1124; 22; 21
1940; 665; 34; 1
1941; 943; 46; 1
1942; 811; 66; 5
1943; 473; 35; 15
1944; 1816; 53; 11
1945; 468; 61; 34
1946; 1397; 59; 2
1947; 721; 54; 30
1948; 143; 35; 44
1949; 1215; 77; 22
1950; 1190; 5; 43
1951; 1199; 2; 11
1952; 299; 93; 27
1953; 466; 44; 4
1954; 671; 57; 7
1955; 1510; 69; 9
1956; 1429; 46; 38
1957; 1977; 18; 16
1958; 1218; 73; 23
1959; 993; 89; 41
1960; 318; 37; 39
1961; 1124; 3; 26
1962; 874; 6; 12
1963; 306; 47; 34
1964; 198; 15; 45
1965; 468; 13; 25
1966; 1102; 55; 43
1967; 704; 27; 3
1968; 1735; 99; 29
1969; 1736; 58; 48
1970; 1594; 82; 39
1971; 179; 47; 27
1972; 1474; 17; 8
1973; 1852; 91; 14
1974; 1000; 76; 45
1975; 1238; 16; 47
1976; 1104; 85; 48
1977; 1131; 89; 40
1978; 220; 81; 44
1979; 883; 74; 21
1980; 1170; 60; 20
1981; 1028; 68; 18
1982; 727; 76; 36
1983; 1513; 22; 8
1984; 1945; 43; 21
1985; 1342; 10; 46
1986; 760; 89; 29
1987; 1667; 34; 49
1988; 736; 48; 7
1989; 478; 46; 40
1990; 278; 56; 21
1991; 469; 9; 2
1992; 802; 58; 10
1993; 1210; 33; 48
1994; 742; 100; 2
1995; 1765; 45; 26
1996; 1451; 63; 46
1997; 477; 38; 43
1998; 1829; 97; 46
1999; 1163; 66; 33
2000; 547; 72; 10
2001; 737; 98; 10
2002; 1761; 64; 22
2003; 62; 59; 3
2004; 1352; 82; 1
2005; 762; 29; 33
2006; 1050; 88; 10
2007; 1447; 51; 24
2008; 12; 66; 47
2009; 148; 47; 47
2010; 1656; 95; 4
2011; 1865; 70; 15
2012; 1084; 74; 31
2013; 81; 32; 14
2014; 1411; 85; 46
2015; 977; 91; 31
2016; 1478; 44; 34
2017; 1023; 22; 7
2018; 1254; 44; 39
2019; 746; 97; 40
2020; 1429; 94; 21
2021; 1064; 3; 30
2022; 1421; 46; 42
2023; 1173; 41; 5
2024; 329; 56; 13
2025; 1789; 7; 33
2026; 736; 77; 39
2027; 645; 3; 30
2028; 204; 85; 42
2029; 404; 60; 28
2030; 1795; 99; 8
2031; 513; 89; 3
2032; 225; 46; 9
2033; 334; 45; 16
2034; 806; 12; 49
2035; 269; 47; 28
2036; 507; 54; 40
2037; 676; 70; 10
2038; 890; 87; 44
2039; 1285; 34; 31
2040; 1607; 74; 23
2041; 1785; 59; 42
2042; 1761; 33; 34
2043; 1356; 28; 15
2044; 98; 86; 31
2045; 975; 13; 25
2046; 901; 57; 10
2047; 736; 99; 6
2048; 393; 22; 23
2049; 1493; 81; 49
2050; 1929; 46; 20
2051; 1066; 12; 18
2052; 596; 46; 3
2053; 1940; 42; 38
2054; 301; 62; 22
2055; 975; 57; 21
2056; 66; 83; 39
2057; 1691; 64; 16
2058; 49; 17; 46
2059; 982; 62; 36
2060; 1087; 28; 44
2061; 867; 56; 33
2062; 1648; 66; 32
2063; 1796; 7; 3
2064; 1002; 37; 26
2065; 599; 16; 7
2066; 1329; 62; 25
2067; 1340; 98; 48
2068; 1619; 43; 4
2069; 942; 81; 14
2070; 446; 16; 21
2071; 155; 79; 22
2072; 468; 21; 2
2073; 640; 87; 31
2074; 1526; 15; 17
2075; 1359; 75; 49
2076; 1706; 53; 33
2077; 1100; 22; 18
2078; 1761; 38; 13
2079; 307; 36; 2
2080; 33; 34; 33
2081; 1912; 41; 25
2082; 1070; 50; 28
2083; 1425; 90; 48
2084; 1178; 37; 39
2085; 603; 14; 43
2086; 1372; 34; 1
2087; 1778; 66; 43
2088; 1258; 91; 43
2089; 1628; 27; 40
2090; 470; 42; 48
2091; 512; 69; 26
2092; 1512; 40; 29
2093; 1741; 41; 6
2094; 1249; 49; 45
2095; 1105; 89; 36
2096; 327; 51; 24
2097; 1496; 85; 18
2098; 1597; 72; 2
2099; 1061; 36; 24
2100; 660; 73; 7
2101; 1717; 67; 28
2102; 892; 46; 23
2103; 237; 69; 7
2104; 631; 25; 14
2105; 36; 31; 31
2106; 870; 93; 2
2107; 1751; 72; 2
2108; 249; 37; 9
2109; 545; 14; 27
2110; 1755; 78; 29
2111; 980; 40; 21
2112; 851; 6; 32
2113; 1652; 25; 39
2114; 1341; 33; 22
2115; 517; 97; 45
2116; 991; 11; 16
2117; 272; 37; 38
2118; 943; 46; 8
2119; 1007; 57; 29
2120; 1197; 89; 38
2121; 1496; 49; 41
2122; 113; 95; 7
2123; 1272; 72; 39
2124; 1494; 87; 4
2125; 21; 80; 5
2126; 1434; 99; 38
2127; 861; 24; 33
2128; 1834; 62; 46
2129; 1914; 58; 26
2130; 380; 83; 35
2131; 1049; 86; 46
2132; 1766; 14; 43
2133; 536; 26; 25
2134; 1372; 63; 10
2135; 65; 96; 16
2136; 1481; 23; 35
2137; 1398; 33; 4
2138; 1595; 73; 23
2139; 1770; 31; 13
2140; 82; 67; 9
2141; 3; 77; 28
2142; 215; 84; 42
2143; 220; 1; 42
2144; 762; 28; 17
2145; 1539; 32; 10
2146; 507; 45; 45
2147; 734; 23; 4
2148; 1791; 72; 40
2149; 563; 30; 40
2150; 58; 11; 24
2151; 482; 56; 47
2152; 362; 5; 35
2153; 1033; 9; 44
2154; 1909; 55; 19
2155; 789; 57; 33
2156; 130; 37; 15
2157; 505; 14; 35
2158; 1838; 83; 37
2159; 957; 74; 43
2160; 453; 33; 12
2161; 977; 12; 40
2162; 1821; 3; 16
2163; 576; 64; 36
2164; 297; 43; 15
2165; 1362; 16; 37
2166; 908; 99; 25
2167; 1356; 54; 22
2168; 1930; 29; 43
2169; 725; 79; 17
2170; 1212; 66; 14
2171; 1203; 60; 25
2172; 681; 76; 44
2173; 462; 64; 39
2174; 17; 65; 37
2175; 1864; 16; 48
2176; 641; 62; 22
2177; 1839; 40; 11
2178; 846; 5; 11
2179; 1214; 49; 1
2180; 1635; 10; 22
2181; 1231; 88; 34
2182; 846; 48; 18
2183; 1453; 37; 29
2184; 1839; 33; 29
2185; 1574; 42; 29
2186; 27; 90; 38
2187; 1524; 51; 7
2188; 414; 41; 44
2189; 1807; 36; 8
2190; 927; 69; 33
2191; 1466; 67; 41
2192; 1257; 6; 28
2193; 1632; 23; 41
2194; 184; 5; 18
2195; 1650; 18; 22
2196; 202; 78; 22
2197; 531; 4; 41
2198; 152; 10; 32
2199; 1321; 84; 42
2200; 1874; 48; 38
2201; 706; 17; 37
2202; 1879; 38; 26
2203; 738; 50; 43
2204; 1085; 66; 36
2205; 1085; 15; 42
2206; 1767; 93; 29
2207; 1716; 92; 40
2208; 1823; 98; 27
2209; 134; 45; 28
2210; 813; 91; 11
2211; 1720; 87; 21
2212; 1633; 92; 44
2213; 340; 25; 4
2214; 1245; 53; 49
2215; 588; 36; 31
2216; 1043; 72; 43
2217; 1813; 6; 41
2218; 663; 74; 24
2219; 473; 41; 20
2220; 942; 96; 46
2221; 328; 4; 5
2222; 775; 80; 13
2223; 1863; 44; 2
2224; 1893; 90; 9
2225; 1790; 90; 42
2226; 100; 24; 43
2227; 57; 33; 37
2228; 1769; 26; 38
2229; 926; 78; 36
2230; 827; 73; 45
2231; 1355; 97; 42
2232; 1623; 36; 3
2233; 1734; 72; 47
2234; 1441; 42; 5
2235; 46; 40; 34
2236; 818; 36; 1
2237; 100; 86; 19
2238; 1711; 98; 2
2239; 1330; 85; 8
2240; 770; 1; 36
2241; 1217; 46; 30
2242; 1311; 47; 23
2243; 920; 65; 43
2244; 1121; 7; 15
2245; 1823; 81; 6
2246; 1769; 61; 12
2247; 469; 77; 6
2248; 1180; 29; 8
2249; 1923; 92; 18
2250; 1752; 83; 30
2251; 1812; 48; 34
2252; 833; 37; 12
2253; 98; 5; 9
2254; 137; 3; 21
2255; 1039; 39; 40
2256; 155; 27; 12
2257; 478; 100; 29
2258; 685; 58; 37
2259; 358; 56; 20
2260; 1982; 35; 14
2261; 217; 60; 40
2262; 292; 91; 7
2263; 540; 30; 28
2264; 1753; 50; 44
2265; 1141; 7; 42
2266; 1046; 21; 26
2267; 799; 91; 31
2268; 261; 65; 44
2269; 1123; 28; 24
2270; 1039; 94; 6
2271; 1739; 71; 24
2272; 1658; 75; 20
2273; 1995; 89; 46
2274; 1755; 36; 19
2275; 1794; 18; 1
2276; 77; 59; 17
2277; 485; 32; 38
2278; 253; 48; 1
2279; 374; 99; 49
2280; 1043; 2; 45
2281; 683; 33; 8
2282; 1405; 14; 34
2283; 563; 49; 9
2284; 1618; 60; 33
2285; 1563; 17; 25
2286; 153; 43; 46
2287; 1382; 18; 39
2288; 1542; 54; 42
2289; 924; 25; 43
2290; 1620; 35; 40
2291; 873; 98; 30
2292; 1184; 33; 35
2293; 486; 91; 44
2294; 1250; 96; 31
2295; 1716; 77; 49
2296; 1157; 3; 47
2297; 1298; 89; 27
2298; 1554; 85; 44
2299; 1674; 59; 43
2300; 764; 36; 28
2301; 1081; 61; 17
2302; 137; 78; 30
2303; 361; 100; 44
2304; 687; 54; 45
2305; 135; 22; 3
2306; 344; 35; 17
2307; 1269; 35; 35
2308; 1220; 5; 39
2309; 1001; 41; 3
2310; 1399; 83; 34
2311; 1149; 57; 12
2312; 1437; 64; 2
2313; 1389; 47; 9
2314; 908; 63; 27
2315; 1480; 94; 44
2316; 250; 2; 47
2317; 1859; 70; 10
2318; 1436; 95; 10
2319; 1094; 90; 46
2320; 1131; 39; 3
2321; 935; 66; 23
2322; 1080; 33; 25
2323; 240; 67; 1
2324; 653; 86; 38
2325; 1153; 94; 49
2326; 1864; 75; 14
2327; 717; 47; 36
2328; 1261; 28; 25
2329; 507; 23; 44
2330; 800; 35; 47
2331; 1003; 2; 21
2332; 1860; 55; 41
2333; 1062; 80; 3
2334; 454; 55; 25
2335; 701; 7; 33
2336; 1863; 42; 13
2337; 1794; 23; 38
2338; 122; 24; 40
2339; 1851; 79; 31
2340; 883; 86; 4
2341; 1347; 98; 49
2342; 1036; 36; 44
2343; 1470; 49; 5
2344; 344; 7; 13
2345; 1104; 26; 15
2346; 1994; 33; 18
2347; 813; 52; 40
2348; 851; 32; 19
2349; 4; 68; 15
2350; 923; 58; 16
2351; 1513; 30; 33
2352; 1364; 33; 19
2353; 1877; 9; 21
2354; 1535; 13; 7
2355; 893; 56; 34
2356; 1987; 34; 32
2357; 1597; 97; 19
2358; 1089; 61; 40
2359; 470; 69; 23
2360; 765; 10; 8
2361; 1738; 61; 38
2362; 326; 48; 41
2363; 400; 87; 6
2364; 101; 83; 46
2365; 616; 41; 49
2366; 547; 30; 11
2367; 573; 66; 22
2368; 294; 3; 48
2369; 398; 86; 4
2370; 1223; 61; 40
2371; 162; 26; 7
2372; 364; 83; 15
2373; 914; 37; 18
2374; 1621; 50; 18
2375; 1694; 2; 18
2376; 1990; 62; 46
2377; 676; 5; 6
2378; 1880; 63; 27
2379; 18; 53; 8
2380; 417; 51; 32
2381; 1774; 64; 31
2382; 1950; 41; 20
2383; 424; 24; 16
2384; 730; 60; 3
2385; 1247; 32; 29
2386; 774; 99; 13
2387; 501; 82; 24
2388; 1653; 15; 2
2389; 1130; 16; 46
2390; 1180; 2; 24
2391; 1007; 21; 2
2392; 1219; 74; 44
2393; 1940; 57; 40
2394; 593; 7; 14
2395; 1254; 22; 13
2396; 384; 96; 43
2397; 800; 55; 36
2398; 1590; 16; 31
2399; 704; 75; 28
2400; 70; 93; 30
2401; 1437; 79; 3
2402; 974; 64; 30
2403; 26; 33; 6
2404; 1337; 6; 34
2405; 1588; 56; 25
2406; 881; 70; 36
2407; 814; 45; 41
2408; 458; 2; 23
2409; 1079; 84; 40
2410; 205; 20; 34
2411; 229; 88; 23
2412; 1993; 4; 36
2413; 1221; 53; 45
2414; 1323; 40; 37
2415; 814; 9; 34
2416; 367; 73; 23
2417; 1908; 4; 9
2418; 591; 59; 3
2419; 1099; 65; 46
2420; 1029; 18; 46
2421; 776; 57; 17
2422; 469; 1; 39
2423; 929; 72; 3
2424; 260; 40; 40
2425; 1222; 53; 43
2426; 1741; 77; 19
2427; 1145; 54; 33
2428; 1589; 78; 2
2429; 1469; 46; 43
2430; 1752; 87; 45
2431; 530; 75; 47
2432; 190; 62; 20
2433; 1858; 25; 18
2434; 137; 18; 14
2435; 266; 10; 34
2436; 1643; 59; 7
2437; 1835; 71; 45
2438; 1570; 5; 42
2439; 1637; 8; 11
2440; 859; 48; 18
2441; 103; 61; 22
2442; 935; 61; 17
2443; 982; 15; 38
2444; 1659; 74; 7
2445; 1996; 72; 24
2446; 381; 14; 24
2447; 1513; 95; 42
2448; 1822; 43; 2
2449; 979; 82; 41
2450; 1651; 11; 27
2451; 584; 98; 19
2452; 1678; 74; 19
2453; 1218; 40; 33
2454; 314; 51; 24
2455; 1003; 42; 19
2456; 179; 97; 21
2457; 178; 37; 17
2458; 10; 5; 21
2459; 32; 12; 15
2460; 1549; 24; 46
2461; 450; 59; 44
2462; 1048; 64; 32
2463; 192; 26; 48
2464; 19; 34; 4
2465; 1207; 7; 12
2466; 716; 33; 37
2467; 1322; 95; 24
2468; 135; 65; 10
2469; 1499; 73; 33
2470; 231; 99; 26
2471; 1095; 57; 45
2472; 1777; 19; 16
2473; 1379; 26; 7
2474; 764; 18; 38
2475; 1566; 90; 21
2476; 658; 90; 4
2477; 383; 88; 22
2478; 459; 47; 5
2479; 75; 35; 43
2480; 1569; 98; 14
2481; 1221; 95; 18
2482; 1427; 15; 10
2483; 555; 3; 30
2484; 1413; 30; 24
2485; 321; 64; 2
2486; 153; 56; 17
2487; 1915; 39; 18
2488; 191; 2; 18
2489; 694; 38; 5
2490; 901; 31; 44
2491; 1889; 4; 27
2492; 458; 19; 10
2493; 673; 16; 47
2494; 6; 47; 12
2495; 1358; 9; 43
2496; 1700; 72; 18
2497; 264; 77; 48
2498; 1617; 96; 2
2499; 864; 62; 41
2500; 153; 78; 4
2501; 1397; 43; 33
2502; 1161; 27; 26
2503; 594; 56; 3
2504; 800; 44; 28
2505; 1917; 92; 24
2506; 1791; 98; 1
2507; 1622; 93; 10
2508; 762; 49; 21
2509; 1308; 46; 2
2510; 834; 99; 7
2511; 621; 2; 30
2512; 972; 2; 17
2513; 1400; 46; 35
2514; 365; 2; 3
2515; 957; 1; 16
2516; 34; 6; 25
2517; 1236; 86; 26
2518; 886; 10; 11
2519; 300; 44; 36
2520; 435; 36; 1
2521; 1702; 99; 13
2522; 1377; 38; 31
2523; 825; 66; 34
2524; 907; 54; 44
2525; 353; 77; 39
2526; 922; 95; 1
2527; 1096; 56; 48
2528; 31; 45; 39
2529; 19; 54; 42
2530; 561; 93; 6
2531; 213; 58; 37
2532; 575; 88; 38
2533; 875; 41; 33
2534; 1281; 16; 45
2535; 1443; 79; 6
2536; 1918; 48; 40
2537; 66; 79; 39
2538; 524; 59; 27
2539; 1746; 35; 49
2540; 835; 88; 2
2541; 579; 4; 14
2542; 284; 69; 16
2543; 131; 80; 7
2544; 1512; 53; 21
2545; 1657; 54; 18
2546; 688; 100; 42
2547; 1424; 12; 39
2548; 1156; 71; 10
2549; 1; 96; 47
2550; 985; 9; 41
2551; 990; 71; 15
2552; 1964; 68; 4
2553; 1807; 4; 48
2554; 39; 12; 43
2555; 970; 62; 45
2556; 785; 93; 44
2557; 1430; 12; 36
2558; 417; 77; 12
2559; 1475; 46; 49
2560; 1057; 100; 38
2561; 1874; 70; 37
2562; 331; 36; 34
2563; 1736; 42; 18
2564; 1765; 62; 45
2565; 1346; 58; 17
2566; 1228; 66; 23
2567; 240; 60; 46
2568; 315; 74; 42
2569; 590; 23; 41
2570; 1626; 46; 13
2571; 883; 49; 42
2572; 1254; 2; 28
2573; 1304; 100; 42
2574; 1364; 48; 27
2575; 1235; 60; 10
2576; 196; 84; 25
2577; 415; 90; 43
2578; 1534; 41; 31
2579; 1752; 86; 26
2580; 30; 32; 29
2581; 306; 62; 12
2582; 1739; 70; 2
2583; 1193; 18; 37
2584; 1778; 44; 35
2585; 507; 86; 11
2586; 1351; 61; 18
2587; 1976; 47; 35
2588; 349; 12; 6
2589; 1874; 12; 43
2590; 1227; 14; 7
2591; 1341; 39; 22
2592; 183; 24; 21
2593; 1384; 37; 33
2594; 1425; 98; 6
2595; 1634; 27; 21
2596; 1583; 66; 39
2597; 1773; 22; 16
2598; 823; 18; 30
2599; 581; 20; 30
2600; 247; 42; 7
2601; 1329; 100; 28
2602; 425; 81; 6
2603; 1540; 41; 49
2604; 970; 85; 16
2605; 424; 96; 26
2606; 21; 67; 8
2607; 953; 21; 20
2608; 1667; 84; 37
2609; 1393; 31; 11
2610; 1948; 51; 43
2611; 1727; 94; 25
2612; 1362; 77; 29
2613; 1175; 80; 5
2614; 1183; 76; 38
2615; 818; 40; 30
2616; 287; 85; 27
2617; 1869; 41; 28
2618; 1805; 51; 20
2619; 1706; 54; 32
2620; 433; 30; 27
2621; 1443; 15; 20
2622; 1043; 84; 36
2623; 1373; 41; 25
2624; 772; 49; 18
2625; 251; 16; 7
2626; 1875; 23; 20
2627; 723; 56; 12
2628; 1425; 73; 23
2629; 1661; 2; 37
2630; 1931; 62; 48
2631; 1720; 54; 1
2632; 169; 62; 47
2633; 1006; 64; 47
2634; 1582; 65; 4
2635; 1341; 16; 36
2636; 1901; 36; 40
2637; 1972; 15; 40
2638; 282; 18; 34
2639; 365; 95; 5
2640; 676; 70; 21
2641; 1547; 18; 45
2642; 1037; 11; 29
2643; 11; 84; 38
2644; 1216; 12; 43
2645; 1446; 6; 26
2646; 1659; 10; 15
2647; 45; 17; 2
2648; 1856; 82; 27
2649; 1305; 24; 29
2650; 1622; 85; 46
2651; 1728; 74; 33
2652; 471; 57; 10
2653; 349; 60; 1
2654; 1976; 88; 7
2655; 2; 41; 27
2656; 1999; 89; 7
2657; 1668; 87; 10
2658; 720; 33; 41
2659; 1527; 81; 1
2660; 1320; 11; 19
2661; 1137; 5; 31
2662; 567; 64; 39
2663; 764; 38; 6
2664; 1889; 93; 48
2665; 1972; 28; 2
2666; 230; 11; 48
2667; 138; 91; 41
2668; 50; 82; 41
2669; 387; 97; 36
2670; 608; 88; 7
2671; 689; 67; 14
2672; 1008; 5; 47
2673; 966; 74; 42
2674; 1986; 58; 33
2675; 1645; 76; 13
2676; 1490; 3; 42
2677; 983; 63; 8
2678; 1402; 89; 20
2679; 1269; 94; 45
2680; 1417; 93; 48
2681; 334; 95; 44
2682; 589; 29; 21
2683; 802; 44; 10
2684; 541; 19; 40
2685; 779; 31; 46
2686; 1590; 71; 10
2687; 509; 29; 8
2688; 154; 1; 33
2689; 532; 45; 40
2690; 723; 79; 5
2691; 848; 55; 23
2692; 1377; 94; 36
2693; 1931; 32; 48
2694; 188; 35; 18
2695; 1104; 73; 9
2696; 746; 16; 17
2697; 1892; 58; 7
2698; 757; 75; 4
2699; 260; 12; 41
2700; 310; 83; 48
2701; 1928; 67; 35
2702; 103; 16; 28
2703; 1041; 36; 15
2704; 23; 31; 1
2705; 908; 10; 48
2706; 912; 34; 17
2707; 1513; 45; 37
2708; 1161; 30; 33
2709; 138; 17; 11
2710; 304; 81; 10
2711; 1559; 53; 44
2712; 1556; 52; 18
2713; 543; 88; 15
2714; 893; 57; 3
2715; 1080; 46; 49
2716; 1442; 79; 49
2717; 190; 62; 1
2718; 751; 74; 23
2719; 748; 36; 14
2720; 484; 70; 19
2721; 1625; 15; 30
2722; 971; 74; 6
2723; 233; 4; 26
2724; 8; 45; 10
2725; 414; 17; 24
2726; 878; 55; 21
2727; 660; 40; 9
2728; 468; 45; 4
2729; 767; 90; 38
2730; 1817; 69; 14
2731; 1684; 55; 7
2732; 150; 82; 29
2733; 82; 33; 16
2734; 1901; 78; 21
2735; 545; 85; 9
2736; 1946; 86; 25
2737; 1114; 69; 32
2738; 1942; 27; 18
2739; 861; 99; 1
2740; 1865; 5; 21
2741; 456; 99; 14
2742; 1781; 14; 25
2743; 1106; 6; 37
2744; 1841; 35; 37
2745; 593; 62; 21
2746; 1586; 56; 31
2747; 621; 72; 2
2748; 1583; 25; 22
2749; 1643; 3; 31
2750; 1724; 93; 42
2751; 1662; 55; 9
2752; 1879; 16; 4
2753; 1995; 66; 7
2754; 1729; 35; 49
2755; 1914; 74; 31
2756; 1166; 3; 3
2757; 838; 38; 30
2758; 614; 52; 6
2759; 606; 11; 21
2760; 1430; 74; 19
2761; 1387; 57; 22
2762; 749; 41; 43
2763; 1584; 16; 22
2764; 843; 43; 19
2765; 955; 19; 44
2766; 381; 100; 37
2767; 1609; 35; 34
2768; 1761; 65; 38
2769; 926; 47; 40
2770; 123; 83; 46
2771; 1887; 42; 45
2772; 1131; 57; 41
2773; 508; 11; 22
2774; 1997; 88; 41
2775; 663; 73; 1
2776; 260; 63; 29
2777; 1606; 73; 37
2778; 1550; 80; 46
2779; 322; 38; 27
2780; 1487; 77; 44
2781; 417; 15; 28
2782; 347; 49; 7
2783; 1004; 16; 28
2784; 603; 72; 44
2785; 1638; 1; 27
2786; 438; 18; 20
2787; 1466; 65; 21
2788; 1723; 29; 36
2789; 1970; 31; 23
2790; 359; 15; 13
2791; 1950; 76; 7
2792; 1765; 16; 2
2793; 1905; 80; 29
2794; 278; 73; 35
2795; 1117; 57; 19
2796; 794; 67; 35
2797; 1402; 55; 1
2798; 532; 87; 27
2799; 732; 34; 35
2800; 346; 64; 21
2801; 773; 90; 20
2802; 20; 39; 35
2803; 1669; 95; 19
2804; 410; 10; 39
2805; 1322; 4; 3
2806; 1165; 58; 2
2807; 931; 93; 30
2808; 1927; 4; 23
2809; 541; 52; 40
2810; 1839; 75; 7
2811; 732; 88; 39
2812; 1936; 54; 49
2813; 76; 22; 3
2814; 543; 13; 17
2815; 351; 5; 14
2816; 204; 89; 23
2817; 1933; 95; 18
2818; 1011; 35; 7
2819; 518; 76; 25
2820; 1466; 12; 41
2821; 1450; 34; 18
2822; 1147; 77; 35
2823; 850; 14; 21
2824; 1569; 60; 24
2825; 597; 70; 29
2826; 1058; 13; 28
2827; 12; 15; 26
2828; 1687; 73; 7
2829; 612; 20; 31
2830; 1113; 38; 7
2831; 1456; 87; 46
2832; 1152; 41; 37
2833; 630; 77; 39
2834; 1620; 18; 4
2835; 286; 24; 12
2836; 893; 24; 2
2837; 82; 98; 31
2838; 1322; 5; 33
2839; 1395; 27; 14
2840; 1546; 76; 36
2841; 1574; 86; 8
2842; 1484; 30; 13
2843; 1739; 9; 14
2844; 1262; 13; 3
2845; 1009; 20; 18
2846; 513; 6; 47
2847; 1922; 24; 8
2848; 666; 72; 22
2849; 1602; 3; 34
2850; 1396; 6; 31
2851; 152; 49; 27
2852; 1605; 16; 24
2853; 798; 70; 19
2854; 523; 27; 17
2855; 265; 33; 42
2856; 1432; 46; 38
2857; 1659; 69; 6
2858; 1452; 85; 12
2859; 1956; 79; 16
2860; 1936; 22; 13
2861; 75; 91; 25
2862; 317; 98; 4
2863; 1798; 51; 13
2864; 880; 9; 19
2865; 211; 74; 49
2866; 425; 25; 10
2867; 751; 27; 25
2868; 540; 74; 31
2869; 461; 74; 9
2870; 1985; 32; 19
2871; 1729; 20; 23
2872; 462; 53; 44
2873; 49; 92; 16
2874; 1580; 26; 12
2875; 311; 22; 1
2876; 1652; 5; 45
2877; 1067; 92; 30
2878; 90; 78; 11
2879; 17; 5; 28
2880; 18; 37; 46
2881; 1619; 62; 30
2882; 974; 14; 39
2883; 1422; 25; 48
2884; 463; 45; 12
2885; 1557; 50; 8
2886; 1402; 26; 34
2887; 251; 67; 4
2888; 1149; 74; 21
2889; 281; 73; 24
2890; 515; 43; 46
2891; 565; 94; 12
2892; 486; 75; 10
2893; 61; 32; 25
2894; 133; 14; 20
2895; 1873; 87; 19
2896; 430; 42; 36
2897; 1142; 75; 20
2898; 167; 16; 13
2899; 1101; 27; 8
2900; 822; 5; 33
2901; 112; 100; 24
2902; 1129; 73; 30
2903; 91; 65; 46
2904; 1573; 96; 31
2905; 73; 32; 40
2906; 1174; 47; 36
2907; 1409; 98; 4
2908; 1478; 55; 35
2909; 1882; 22; 30
2910; 1277; 47; 48
2911; 1471; 44; 28
2912; 1595; 41; 20
2913; 106; 70; 28
2914; 1677; 65; 6
2915; 1484; 16; 18
2916; 327; 24; 13
2917; 1269; 74; 2
2918; 3; 37; 42
2919; 617; 89; 35
2920; 1585; 70; 1
2921; 1735; 83; 9
2922; 246; 95; 9
2923; 10; 77; 8
2924; 1665; 64; 34
2925; 703; 71; 42
2926; 801; 76; 27
2927; 966; 13; 2
2928; 432; 89; 30
2929; 181; 89; 8
2930; 377; 61; 34
2931; 928; 67; 36
2932; 277; 22; 12
2933; 31; 87; 29
2934; 1667; 91; 25
2935; 1153; 58; 38
2936; 1990; 41; 12
2937; 212; 48; 6
2938; 530; 66; 4
2939; 1518; 78; 4
2940; 1828; 10; 21
2941; 478; 90; 46
2942; 1842; 39; 32
2943; 288; 41; 23
2944; 870; 66; 26
2945; 1239; 25; 3
2946; 1827; 71; 25
2947; 517; 94; 48
2948; 300; 57; 12
2949; 530; 26; 3
2950; 887; 18; 45
2951; 1346; 78; 26
2952; 275; 100; 45
2953; 1103; 88; 30
2954; 174; 56; 17
2955; 483; 100; 35
2956; 1437; 47; 33
2957; 480; 76; 46
2958; 577; 80; 23
2959; 1864; 36; 7
2960; 361; 61; 42
2961; 261; 28; 36
2962; 793; 45; 45
2963; 971; 42; 5
2964; 1176; 59; 9
2965; 242; 21; 8
2966; 1416; 47; 21
2967; 1395; 51; 30
2968; 678; 76; 5
2969; 1782; 41; 48
2970; 1900; 56; 17
2971; 552; 85; 4
2972; 1910; 7; 14
2973; 901; 80; 20
2974; 1294; 25; 31
2975; 1460; 16; 11
2976; 1500; 100; 9
2977; 248; 27; 49
2978; 609; 89; 8
2979; 1410; 81; 44
2980; 1806; 5; 17
2981; 507; 88; 18
2982; 1090; 22; 10
2983; 357; 92; 45
2984; 1485; 13; 4
2985; 1557; 29; 33
2986; 1201; 20; 24
2987; 1697; 5; 1
2988; 1345; 80; 13
2989; 1284; 51; 11
2990; 1843; 52; 30
2991; 1951; 53; 3
2992; 87; 54; 25
2993; 555; 38; 14
2994; 1433; 21; 4
2995; 1187; 7; 21
2996; 1148; 62; 3
2997; 964; 28; 47
2998; 1910; 76; 22
2999; 1443; 70; 15
3000; 1273; 80; 18
3001; 519; 94; 5
3002; 1607; 41; 2
3003; 458; 69; 17
3004; 191; 10; 3
3005; 1049; 63; 30
3006; 805; 31; 2
3007; 1167; 96; 7
3008; 1525; 12; 27
3009; 1694; 19; 30
3010; 351; 2; 33
3011; 548; 83; 10
3012; 1555; 33; 49
3013; 859; 53; 41
3014; 1740; 24; 30
3015; 1906; 9; 13
3016; 1121; 85; 30
3017; 1494; 20; 24
3018; 1411; 39; 5
3019; 344; 35; 49
3020; 817; 44; 15
3021; 1515; 82; 43
3022; 1149; 82; 31
3023; 1475; 25; 26
3024; 914; 35; 22
3025; 173; 11; 21
3026; 1188; 30; 40
3027; 445; 47; 20
3028; 1489; 88; 47
3029; 1186; 25; 17
3030; 163; 82; 30
3031; 1293; 1; 48
3032; 1306; 82; 30
3033; 367; 43; 19
3034; 916; 91; 45
3035; 867; 50; 5
3036; 672; 26; 5
3037; 1170; 31; 20
3038; 1933; 5; 23
3039; 508; 63; 27
3040; 669; 37; 23
3041; 1750; 67; 25
3042; 905; 92; 38
3043; 686; 52; 15
3044; 673; 72; 30
3045; 1063; 26; 19
3046; 188; 33; 38
3047; 1062; 60; 49
3048; 157; 41; 38
3049; 1460; 3; 42
3050; 345; 69; 26
3051; 1279; 42; 12
3052; 117; 32; 9
3053; 32; 45; 36
3054; 96; 80; 46
3055; 1013; 36; 32
3056; 343; 67; 1
3057; 1843; 6; 12
3058; 720; 45; 25
3059; 1661; 17; 5
3060; 631; 45; 10
3061; 1329; 29; 20
3062; 422; 58; 17
3063; 1862; 96; 46
3064; 1005; 4; 25
3065; 1211; 63; 1
3066; 783; 2; 2
3067; 404; 56; 3
3068; 1189; 52; 26
3069; 312; 34; 36
3070; 1983; 37; 23
3071; 633; 51; 46
3072; 1878; 45; 40
3073; 1225; 60; 8
3074; 597; 99; 8
3075; 283; 17; 47
3076; 1805; 78; 36
3077; 1877; 21; 38
3078; 1999; 89; 25
3079; 560; 13; 49
3080; 855; 64; 40
3081; 1178; 7; 29
3082; 5; 83; 42
3083; 1846; 29; 16
3084; 1331; 72; 6
3085; 1661; 74; 25
3086; 294; 59; 3
3087; 812; 62; 42
3088; 1658; 95; 3
3089; 1286; 90; 46
3090; 1905; 80; 15
3091; 738; 22; 28
3092; 959; 73; 12
3093; 1182; 43; 32
3094; 891; 91; 33
3095; 1106; 12; 1
3096; 621; 51; 48
3097; 204; 38; 43
3098; 156; 91; 41
3099; 1593; 49; 21
3100; 214; 2; 17
3101; 1802; 94; 21
3102; 1843; 1; 11
3103; 166; 29; 33
3104; 1708; 71; 30
3105; 344; 12; 30
3106; 1929; 27; 22
3107; 919; 31; 42
3108; 1413; 100; 2
3109; 94; 45; 44
3110; 893; 44; 16
3111; 1133; 14; 11
3112; 1982; 34; 4
3113; 378; 40; 23
3114; 1312; 94; 41
3115; 1068; 15; 30
3116; 378; 79; 7
3117; 1473; 42; 49
3118; 1221; 46; 40
3119; 1899; 29; 40
3120; 298; 47; 23
3121; 612; 71; 41
3122; 1687; 79; 5
3123; 459; 98; 39
3124; 1627; 28; 44
3125; 1604; 67; 22
3126; 22; 68; 24
3127; 1043; 83; 45
3128; 451; 1; 34
3129; 1280; 50; 17
3130; 489; 65; 20
3131; 543; 83; 18
3132; 1136; 58; 8
3133; 1744; 40; 16
3134; 1291; 72; 47
3135; 970; 8; 34
3136; 1792; 33; 23
3137; 807; 64; 30
3138; 80; 7; 35
3139; 1452; 60; 18
3140; 569; 50; 28
3141; 1677; 45; 44
3142; 1203; 54; 3
3143; 1698; 43; 7
3144; 1803; 28; 43
3145; 49; 86; 6
3146; 756; 86; 24
3147; 1339; 66; 24
3148; 1527; 23; 27
3149; 1401; 32; 21
3150; 564; 74; 48
3151; 53; 44; 7
3152; 1597; 70; 36
3153; 445; 65; 6
3154; 934; 58; 39
3155; 237; 6; 23
3156; 316; 23; 13
3157; 1264; 60; 23
3158; 221; 58; 3
3159; 260; 45; 25
3160; 56; 22; 36
3161; 752; 26; 27
3162; 1769; 47; 45
3163; 585; 35; 10
3164; 1434; 45; 15
3165; 1575; 18; 48
3166; 1437; 31; 2
3167; 439; 1; 23
3168; 1035; 23; 39
3169; 996; 45; 5
3170; 412; 73; 45
3171; 503; 68; 25
3172; 926; 96; 41
3173; 879; 32; 41
3174; 759; 94; 14
3175; 753; 14; 35
3176; 671; 8; 29
3177; 1296; 16; 30
3178; 139; 64; 37
3179; 1846; 59; 1
3180; 81; 79; 26
3181; 1288; 6; 25
3182; 22; 76; 25
3183; 1605; 2; 7
3184; 1531; 28; 28
3185; 734; 82; 15
3186; 1513; 59; 28
3187; 1617; 58; 33
3188; 1784; 60; 12
3189; 1936; 14; 37
3190; 311; 92; 19
3191; 1296; 65; 6
3192; 416; 18; 25
3193; 1814; 10; 39
3194; 1871; 11; 45
3195; 1839; 89; 17
3196; 285; 13; 9
3197; 243; 24; 12
3198; 906; 35; 23
3199; 542; 88; 18
3200; 414; 18; 47
3201; 1446; 31; 47
3202; 1643; 22; 5
3203; 1651; 80; 24
3204; 885; 86; 35
3205; 289; 28; 9
3206; 885; 11; 10
3207; 447; 53; 47
3208; 124; 96; 35
3209; 1452; 14; 42
3210; 838; 12; 1
3211; 603; 48; 44
3212; 495; 90; 44
3213; 880; 64; 37
3214; 880; 69; 21
3215; 1985; 48; 14
3216; 1042; 28; 5
3217; 1848; 21; 6
3218; 1630; 33; 31
3219; 332; 14; 9
3220; 467; 32; 4
3221; 1032; 8; 12
3222; 1905; 49; 38
3223; 830; 59; 2
3224; 193; 12; 45
3225; 1206; 51; 32
3226; 1702; 41; 2
3227; 983; 91; 22
3228; 396; 39; 39
3229; 1311; 7; 40
3230; 1372; 15; 10
3231; 1352; 17; 27
3232; 245; 4; 28
3233; 38; 58; 42
3234; 1912; 43; 20
3235; 783; 60; 18
3236; 147; 94; 41
3237; 299; 81; 35
3238; 1958; 82; 21
3239; 1937; 40; 22
3240; 298; 68; 48
3241; 347; 45; 32
3242; 336; 3; 9
3243; 1702; 33; 47
3244; 425; 46; 14
3245; 531; 56; 6
3246; 1856; 73; 16
3247; 538; 69; 29
3248; 1840; 62; 26
3249; 1239; 97; 41
3250; 1177; 43; 9
3251; 1256; 65; 21
3252; 990; 41; 48
3253; 617; 9; 47
3254; 1032; 43; 40
3255; 839; 38; 4
3256; 1179; 31; 3
3257; 1948; 70; 44
3258; 1169; 29; 41
3259; 1846; 34; 48
3260; 200; 47; 7
3261; 19; 5; 46
3262; 1509; 22; 45
3263; 918; 3; 11
3264; 965; 38; 33
3265; 1612; 100; 30
3266; 900; 69; 44
3267; 618; 15; 11
3268; 1814; 14; 8
3269; 1810; 38; 45
3270; 343; 51; 47
3271; 1969; 4; 20
3272; 1800; 53; 15
3273; 1548; 63; 27
3274; 1782; 43; 13
3275; 69; 71; 30
3276; 1825; 68; 29
3277; 1901; 1; 17
3278; 81; 71; 14
3279; 1745; 14; 23
3280; 1265; 38; 15
3281; 293; 75; 45
3282; 1290; 32; 2
3283; 233; 21; 7
3284; 1004; 47; 5
3285; 1757; 6; 34
3286; 1952; 59; 40
3287; 409; 29; 16
3288; 148; 39; 4
3289; 530; 83; 22
3290; 1512; 17; 18
3291; 991; 38; 1
3292; 477; 55; 33
3293; 1746; 86; 13
3294; 875; 77; 28
3295; 1319; 25; 16
3296; 1754; 19; 3
3297; 1683; 33; 19
3298; 891; 84; 13
3299; 1141; 32; 25
3300; 1125; 79; 29
3301; 547; 11; 9
3302; 1686; 59; 1
3303; 1979; 52; 34
3304; 232; 97; 33
3305; 277; 92; 21
3306; 1508; 76; 27
3307; 1263; 76; 38
3308; 1477; 91; 1
3309; 1705; 69; 1
3310; 1749; 13; 31
3311; 992; 39; 49
3312; 1493; 55; 17
3313; 166; 50; 11
3314; 1279; 57; 47
3315; 413; 76; 41
3316; 1895; 32; 36
3317; 765; 95; 18
3318; 1591; 85; 5
3319; 1658; 84; 23
3320; 1472; 83; 7
3321; 571; 50; 3
3322; 351; 16; 38
3323; 61; 86; 31
3324; 1211; 21; 47
3325; 558; 58; 33
3326; 730; 33; 5
3327; 1988; 78; 1
3328; 877; 62; 30
3329; 444; 98; 28
3330; 1705; 54; 39
3331; 282; 57; 12
3332; 578; 19; 1
3333; 1305; 29; 30
3334; 307; 33; 24
3335; 1013; 40; 36
3336; 326; 9; 44
3337; 1265; 16; 41
3338; 639; 96; 34
3339; 896; 99; 13
3340; 1289; 2; 11
3341; 1339; 29; 4
3342; 1194; 19; 30
3343; 1719; 72; 12
3344; 868; 40; 34
3345; 437; 69; 18
3346; 931; 35; 47
3347; 986; 88; 7
3348; 92; 62; 18
3349; 979; 44; 36
3350; 631; 16; 37
3351; 3; 43; 23
3352; 790; 71; 21
3353; 830; 7; 20
3354; 658; 24; 44
3355; 1069; 59; 28
3356; 1208; 19; 2
3357; 781; 48; 10
3358; 18; 10; 37
3359; 563; 65; 18
3360; 247; 63; 23
3361; 115; 15; 21
3362; 1595; 90; 4
3363; 1579; 39; 17
3364; 1592; 78; 13
3365; 1936; 11; 40
3366; 1633; 1; 46
3367; 1584; 31; 21
3368; 1570; 72; 44
3369; 1766; 50; 19
3370; 397; 98; 16
3371; 1650; 69; 46
3372; 747; 92; 5
3373; 1369; 17; 31
3374; 1049; 14; 11
3375; 29; 21; 42
3376; 1231; 57; 14
3377; 249; 77; 42
3378; 1781; 59; 6
3379; 416; 90; 46
3380; 1941; 31; 42
3381; 1891; 3; 17
3382; 8; 65; 19
3383; 464; 14; 16
3384; 918; 10; 2
3385; 92; 76; 8
3386; 1624; 49; 44
3387; 1140; 29; 33
3388; 1628; 40; 5
3389; 2; 7; 38
3390; 2; 61; 16
3391; 54; 88; 11
3392; 683; 83; 27
3393; 1669; 12; 35
3394; 1034; 12; 47
3395; 1891; 62; 15
3396; 547; 74; 36
3397; 231; 24; 35
3398; 238; 14; 18
3399; 175; 99; 14
3400; 1023; 44; 25
3401; 237; 80; 38
3402; 390; 88; 48
3403; 606; 10; 48
3404; 562; 26; 2
3405; 1548; 72; 46
3406; 555; 94; 34
3407; 1517; 23; 3
3408; 721; 19; 24
3409; 1720; 35; 6
3410; 53; 51; 28
3411; 279; 55; 45
3412; 565; 19; 27
3413; 1915; 31; 27
3414; 281; 24; 38
3415; 1762; 44; 18
3416; 371; 29; 21
3417; 1605; 49; 4
3418; 1643; 74; 22
3419; 575; 11; 6
3420; 1346; 74; 28
3421; 256; 71; 29
3422; 153; 25; 47
3423; 1719; 81; 24
3424; 1938; 92; 8
3425; 133; 59; 23
3426; 1697; 94; 47
3427; 1562; 48; 42
3428; 457; 22; 27
3429; 362; 4; 22
3430; 1669; 37; 24
3431; 1553; 22; 40
3432; 568; 78; 42
3433; 1098; 89; 20
3434; 1507; 16; 42
3435; 805; 58; 32
3436; 573; 2; 16
3437; 1214; 78; 32
3438; 834; 69; 16
3439; 656; 11; 12
3440; 1113; 73; 20
3441; 1145; 28; 3
3442; 1187; 88; 19
3443; 1126; 100; 27
3444; 1780; 89; 36
3445; 1291; 12; 10
3446; 188; 45; 13
3447; 494; 32; 6
3448; 873; 5; 32
3449; 513; 83; 17
3450; 117; 1; 42
3451; 47; 86; 18
3452; 1342; 82; 37
3453; 1842; 83; 39
3454; 1827; 4; 17
3455; 998; 12; 21
3456; 1834; 37; 47
3457; 1027; 54; 9
3458; 99; 31; 6
3459; 1336; 36; 4
3460; 519; 90; 43
3461; 1951; 81; 4
3462; 1058; 7; 27
3463; 1628; 50; 7
3464; 1156; 41; 22
3465; 483; 40; 4
3466; 727; 1; 12
3467; 702; 37; 20
3468; 953; 62; 27
3469; 501; 35; 43
3470; 967; 62; 40
3471; 1561; 31; 26
3472; 1980; 99; 13
3473; 1955; 57; 33
3474; 858; 21; 36
3475; 718; 44; 3
3476; 1804; 31; 9
3477; 542; 2; 47
3478; 49; 92; 10
3479; 1685; 60; 37
3480; 735; 30; 28
3481; 1994; 49; 10
3482; 883; 40; 20
3483; 1303; 67; 41
3484; 1710; 36; 8
3485; 1182; 27; 12
3486; 110; 19; 9
3487; 1467; 1; 15
3488; 246; 36; 37
3489; 570; 78; 18
3490; 1757; 54; 9
3491; 899; 39; 24
3492; 746; 5; 32
3493; 1024; 63; 44
3494; 1617; 66; 17
3495; 1359; 54; 19
3496; 1840; 64; 13
3497; 1177; 68; 43
3498; 1109; 51; 44
3499; 1784; 81; 32
3500; 269; 89; 7
3501; 939; 11; 39
3502; 640; 95; 19
3503; 829; 41; 18
3504; 554; 47; 33
3505; 1429; 50; 26
3506; 454; 75; 27
3507; 1774; 18; 14
3508; 1733; 63; 25
3509; 451; 55; 24
3510; 135; 44; 32
3511; 1946; 28; 29
3512; 1045; 23; 46
3513; 664; 35; 26
3514; 209; 87; 45
3515; 884; 36; 42
3516; 1036; 51; 44
3517; 1319; 32; 48
3518; 1542; 72; 11
3519; 27; 69; 4
3520; 1100; 56; 2
3521; 1067; 39; 5
3522; 1341; 72; 34
3523; 1515; 85; 22
3524; 703; 36; 37
3525; 1041; 45; 41
3526; 318; 12; 37
3527; 668; 8; 31
3528; 166; 24; 37
3529; 1102; 61; 44
3530; 601; 21; 34
3531; 1443; 71; 38
3532; 1864; 71; 16
3533; 1743; 74; 3
3534; 710; 83; 9
3535; 1893; 52; 22
3536; 1881; 4; 44
3537; 154; 9; 4
3538; 558; 33; 10
3539; 1874; 95; 36
3540; 1444; 31; 43
3541; 1950; 42; 28
3542; 1466; 58; 30
3543; 1663; 90; 9
3544; 108; 93; 34
3545; 1270; 53; 33
3546; 1390; 55; 40
3547; 1767; 56; 32
3548; 66; 1; 33
3549; 229; 60; 38
3550; 1806; 27; 26
3551; 455; 25; 38
3552; 1856; 36; 18
3553; 1741; 77; 12
3554; 1159; 61; 13
3555; 509; 51; 3
3556; 1323; 17; 12
3557; 1682; 58; 33
3558; 1718; 64; 17
3559; 1651; 47; 40
3560; 1981; 47; 32
3561; 1627; 39; 8
3562; 1590; 50; 20
3563; 1331; 46; 29
3564; 1595; 77; 40
3565; 1561; 6; 10
3566; 1900; 72; 39
3567; 448; 65; 23
3568; 222; 66; 42
3569; 540; 56; 24
3570; 839; 22; 19
3571; 624; 86; 39
3572; 677; 72; 10
3573; 1951; 28; 36
3574; 1311; 82; 19
3575; 627; 80; 5
3576; 1026; 42; 29
3577; 534; 38; 11
3578; 1186; 6; 21
3579; 1424; 71; 46
3580; 571; 22; 14
3581; 1473; 50; 44
3582; 1025; 65; 31
3583; 607; 59; 47
3584; 273; 2; 1
3585; 1783; 75; 23
3586; 1583; 84; 21
3587; 1874; 73; 44
3588; 1850; 82; 3
3589; 1552; 60; 9
3590; 213; 95; 19
3591; 958; 53; 2
3592; 876; 65; 29
3593; 304; 50; 41
3594; 174; 16; 33
3595; 1709; 57; 41
3596; 1983; 26; 32
3597; 1738; 1; 44
3598; 1510; 84; 34
3599; 1349; 90; 20
3600; 165; 97; 17
3601; 471; 16; 5
3602; 698; 28; 31
3603; 455; 46; 15
3604; 1239; 17; 44
3605; 1994; 97; 10
3606; 1581; 94; 4
3607; 1844; 33; 15
3608; 1235; 76; 8
3609; 1989; 94; 32
3610; 1524; 28; 38
3611; 1214; 83; 29
3612; 1378; 47; 12
3613; 275; 25; 38
3614; 396; 36; 4
3615; 733; 39; 22
3616; 658; 34; 33
3617; 192; 23; 10
3618; 1821; 91; 30
3619; 1716; 60; 41
3620; 1639; 81; 31
3621; 1202; 11; 4
3622; 117; 38; 6
3623; 1397; 86; 38
3624; 794; 27; 30
3625; 827; 81; 34
3626; 957; 48; 1
3627; 1678; 84; 3
3628; 834; 86; 4
3629; 1024; 70; 25
3630; 293; 79; 30
3631; 1597; 14; 43
3632; 1216; 18; 8
3633; 1308; 44; 13
3634; 1503; 1; 32
3635; 1318; 3; 2
3636; 303; 80; 37
3637; 461; 94; 33
3638; 1205; 86; 44
3639; 1315; 39; 8
3640; 1582; 85; 36
3641; 1727; 1; 33
3642; 1474; 85; 38
3643; 870; 61; 25
3644; 352; 79; 37
3645; 616; 66; 36
3646; 831; 73; 28
3647; 80; 61; 43
3648; 132; 78; 27
3649; 1851; 65; 40
3650; 993; 9; 45
3651; 794; 72; 6
3652; 1894; 92; 10
3653; 1407; 40; 37
3654; 1383; 45; 25
3655; 1114; 73; 32
3656; 1483; 99; 30
3657; 410; 98; 48
3658; 1070; 97; 29
3659; 340; 88; 35
3660; 682; 96; 47
3661; 1353; 75; 8
3662; 7; 50; 45
3663; 1860; 84; 26
3664; 1971; 6; 49
3665; 1364; 90; 8
3666; 312; 5; 37
3667; 1623; 39; 49
3668; 52; 89; 35
3669; 410; 98; 35
3670; 1329; 93; 25
3671; 363; 1; 3
3672; 1334; 4; 7
3673; 442; 53; 16
3674; 679; 91; 12
3675; 303; 99; 25
3676; 1772; 81; 20
3677; 1903; 85; 36
3678; 1655; 66; 26
3679; 440; 10; 5
3680; 1031; 26; 9
3681; 989; 4; 5
3682; 1961; 62; 20
3683; 733; 26; 28
3684; 1416; 22; 41
3685; 1694; 71; 23
3686; 1833; 39; 41
3687; 559; 66; 11
3688; 1202; 100; 17
3689; 563; 97; 41
3690; 970; 13; 21
3691; 879; 93; 5
3692; 1780; 41; 29
3693; 1858; 13; 24
3694; 848; 65; 36
3695; 1557; 37; 42
3696; 678; 50; 22
3697; 560; 43; 36
3698; 931; 91; 35
3699; 1391; 71; 15
3700; 19; 77; 22
3701; 469; 27; 45
3702; 890; 21; 24
3703; 518; 37; 31
3704; 1568; 15; 24
3705; 1857; 41; 26
3706; 1958; 92; 20
3707; 741; 51; 8
3708; 1058; 72; 3
3709; 602; 77; 42
3710; 752; 23; 9
3711; 371; 13; 1
3712; 327; 61; 15
3713; 419; 55; 32
3714; 1394; 2; 34
3715; 1379; 91; 41
3716; 1653; 15; 40
3717; 1810; 95; 11
3718; 1300; 75; 21
3719; 167; 67; 32
3720; 1120; 3; 28
3721; 408; 24; 44
3722; 1965; 66; 30
3723; 95; 94; 23
3724; 1574; 52; 30
3725; 1220; 20; 3
3726; 1594; 95; 13
3727; 1989; 84; 4
3728; 323; 87; 34
3729; 1904; 70; 8
3730; 345; 52; 5
3731; 490; 49; 13
3732; 119; 90; 43
3733; 869; 96; 28
3734; 680; 12; 16
3735; 814; 31; 16
3736; 1940; 3; 26
3737; 419; 31; 12
3738; 783; 18; 36
3739; 1716; 44; 27
3740; 1406; 9; 14
3741; 283; 1; 1
3742; 919; 60; 34
3743; 1163; 59; 14
3744; 598; 63; 41
3745; 594; 19; 25
3746; 226; 100; 34
3747; 621; 12; 25
3748; 1841; 98; 3
3749; 1714; 64; 44
3750; 880; 55; 2
3751; 765; 56; 41
3752; 1076; 79; 41
3753; 1367; 31; 26
3754; 1507; 100; 4
3755; 1854; 51; 30
3756; 1630; 32; 34
3757; 1683; 83; 3
3758; 1369; 52; 4
3759; 770; 14; 36
3760; 1138; 72; 45
3761; 370; 61; 1
3762; 961; 37; 10
3763; 1080; 21; 23
3764; 715; 68; 39
3765; 856; 4; 28
3766; 84; 57; 30
3767; 68; 80; 8
3768; 190; 98; 8
3769; 1611; 64; 35
3770; 143; 6; 1
3771; 699; 75; 28
3772; 1948; 88; 7
3773; 362; 54; 41
3774; 1485; 19; 7
3775; 551; 38; 20
3776; 215; 71; 40
3777; 304; 75; 38
3778; 259; 16; 31
3779; 1044; 80; 20
3780; 1485; 5; 30
3781; 378; 30; 1
3782; 1369; 60; 6
3783; 1915; 8; 49
3784; 678; 54; 42
3785; 100; 1; 3
3786; 1713; 87; 2
3787; 503; 16; 10
3788; 601; 73; 33
3789; 8; 62; 44
3790; 348; 76; 49
3791; 1029; 94; 49
3792; 1761; 73; 17
3793; 1206; 4; 36
3794; 1379; 29; 43
3795; 933; 34; 22
3796; 842; 57; 39
3797; 893; 55; 28
3798; 1913; 28; 20
3799; 1475; 50; 7
3800; 1151; 14; 16
3801; 1142; 69; 44
3802; 590; 32; 6
3803; 397; 81; 28
3804; 342; 63; 8
3805; 436; 33; 42
3806; 724; 15; 26
3807; 80; 79; 45
3808; 1353; 62; 33
3809; 341; 17; 1
3810; 1871; 19; 26
3811; 115; 64; 45
3812; 1182; 93; 16
3813; 1949; 18; 46
3814; 1316; 36; 15
3815; 1128; 63; 12
3816; 1995; 64; 43
3817; 1222; 63; 37
3818; 658; 1; 15
3819; 1263; 17; 3
3820; 1349; 92; 15
3821; 1014; 92; 30
3822; 150; 60; 33
3823; 1153; 64; 34
3824; 1138; 83; 35
3825; 349; 79; 4
3826; 1782; 86; 2
3827; 114; 14; 13
3828; 201; 2; 7
3829; 1350; 8; 17
3830; 998; 91; 13
3831; 716; 5; 47
3832; 1186; 2; 35
3833; 199; 20; 8
3834; 737; 7; 40
3835; 1046; 83; 48
3836; 1076; 97; 5
3837; 1484; 45; 42
3838; 55; 40; 45
3839; 776; 68; 47
3840; 1742; 56; 34
3841; 1936; 4; 20
3842; 420; 90; 27
3843; 376; 44; 31
3844; 353; 13; 4
3845; 1061; 84; 5
3846; 178; 47; 8
3847; 556; 88; 22
3848; 122; 56; 14
3849; 1803; 65; 38
3850; 14; 19; 43
3851; 1530; 32; 33
3852; 629; 17; 38
3853; 355; 7; 40
3854; 1819; 45; 23
3855; 1139; 23; 13
3856; 366; 39; 20
3857; 737; 66; 13
3858; 1020; 39; 24
3859; 196; 58; 19
3860; 1950; 92; 22
3861; 31; 74; 14
3862; 1569; 26; 7
3863; 116; 6; 21
3864; 19; 83; 17
3865; 668; 61; 1
3866; 1141; 41; 39
3867; 987; 45; 2
3868; 921; 70; 43
3869; 455; 13; 12
3870; 1696; 87; 14
3871; 381; 9; 24
3872; 1546; 1; 49
3873; 251; 20; 4
3874; 805; 83; 4
3875; 1065; 59; 42
3876; 1747; 47; 44
3877; 587; 41; 7
3878; 400; 97; 23
3879; 26; 66; 38
3880; 638; 88; 5
3881; 1464; 100; 8
3882; 314; 56; 39
3883; 1982; 76; 41
3884; 1228; 96; 32
3885; 644; 72; 42
3886; 1802; 57; 14
3887; 1164; 73; 36
3888; 1381; 21; 34
3889; 1940; 23; 17
3890; 1992; 36; 44
3891; 1430; 84; 31
3892; 132; 1; 37
3893; 245; 13; 6
3894; 1774; 15; 10
3895; 1620; 86; 19
3896; 1306; 77; 18
3897; 1128; 40; 3
3898; 1167; 34; 17
3899; 131; 60; 42
3900; 163; 80; 20
3901; 980; 76; 41
3902; 1202; 52; 25
3903; 1525; 23; 9
3904; 63; 68; 13
3905; 1632; 1; 10
3906; 1202; 37; 49
3907; 844; 84; 40
3908; 481; 84; 6
3909; 381; 37; 42
3910; 851; 59; 33
3911; 1319; 29; 15
3912; 1475; 99; 9
3913; 1210; 10; 9
3914; 1915; 6; 2
3915; 1971; 48; 10
3916; 1777; 17; 1
3917; 1238; 6; 19
3918; 1940; 1; 30
3919; 1495; 47; 32
3920; 756; 88; 45
3921; 746; 75; 40
3922; 1130; 1; 6
3923; 633; 24; 16
3924; 1674; 16; 42
3925; 1660; 70; 43
3926; 358; 15; 10
3927; 1889; 16; 8
3928; 1724; 3; 5
3929; 1581; 48; 26
3930; 1831; 21; 32
3931; 89; 42; 17
3932; 1685; 45; 35
3933; 1525; 36; 21
3934; 1251; 36; 37
3935; 130; 27; 20
3936; 491; 76; 48
3937; 1262; 16; 36
3938; 1538; 57; 9
3939; 706; 99; 14
3940; 1884; 5; 48
3941; 615; 89; 20
3942; 298; 2; 24
3943; 902; 98; 19
3944; 1678; 90; 41
3945; 1815; 7; 47
3946; 1794; 67; 22
3947; 1787; 75; 12
3948; 224; 85; 47
3949; 1596; 49; 41
3950; 1960; 21; 34
3951; 1255; 17; 31
3952; 184; 7; 6
3953; 81; 89; 11
3954; 189; 69; 28
3955; 834; 88; 23
3956; 1670; 67; 27
3957; 276; 73; 26
3958; 860; 94; 29
3959; 872; 53; 9
3960; 513; 77; 22
3961; 1932; 74; 4
3962; 1670; 52; 37
3963; 258; 84; 8
3964; 191; 39; 49
3965; 1498; 89; 14
3966; 236; 70; 12
3967; 1654; 6; 36
3968; 961; 1; 12
3969; 651; 29; 41
3970; 1934; 79; 2
3971; 471; 93; 43
3972; 593; 76; 20
3973; 1352; 53; 48
3974; 1561; 78; 31
3975; 296; 39; 19
3976; 1660; 90; 20
3977; 1594; 74; 27
3978; 1725; 4; 18
3979; 316; 24; 43
3980; 130; 58; 47
3981; 1237; 31; 35
3982; 1364; 16; 22
3983; 357; 94; 34
3984; 444; 44; 28
3985; 852; 84; 25
3986; 924; 33; 28
3987; 659; 12; 27
3988; 1782; 4; 16
3989; 1551; 57; 41
3990; 522; 88; 35
3991; 1288; 34; 29
3992; 464; 69; 48
3993; 304; 91; 49
3994; 1947; 70; 48
3995; 1992; 67; 36
3996; 1567; 53; 13
3997; 1615; 99; 10
3998; 960; 35; 40
3999; 568; 28; 37
4000; 1166; 32; 1
