ID; date; time; storeID; customerID
1; 2022-07-08; 10:43:28; 1; 1
2; 2022-06-30; 01:16:28; 2; 2
3; 2022-09-20; 07:52:52; 3; 3
4; 2022-08-04; 05:16:13; 4; 4
5; 2022-07-22; 02:09:07; 5; 5
6; 2022-07-26; 03:57:27; 6; 6
7; 2022-07-09; 15:25:05; 7; 7
8; 2022-09-27; 16:50:02; 8; 8
9; 2022-08-08; 06:03:34; 9; 9
10; 2022-09-23; 19:14:25; 10; 10
11; 2022-07-01; 15:31:48; 11; 11
12; 2022-08-27; 08:17:45; 12; 12
13; 2022-09-14; 15:59:06; 13; 13
14; 2022-07-21; 18:06:12; 14; 14
15; 2022-07-19; 00:42:54; 15; 15
16; 2022-08-02; 02:20:50; 16; 16
17; 2022-08-20; 04:18:14; 17; 17
18; 2022-08-14; 11:39:31; 18; 18
19; 2022-07-05; 15:19:52; 19; 19
20; 2022-09-30; 21:08:02; 20; 20
21; 2022-06-28; 04:03:03; 21; 21
22; 2022-09-10; 17:00:20; 22; 22
23; 2022-07-18; 01:59:37; 23; 23
24; 2022-09-02; 10:46:13; 24; 24
25; 2022-06-27; 16:34:24; 25; 25
26; 2022-07-26; 07:59:19; 26; 26
27; 2022-09-16; 21:11:32; 27; 27
28; 2022-06-26; 09:12:35; 28; 28
29; 2022-09-23; 10:52:33; 29; 29
30; 2022-09-09; 15:29:40; 30; 30
31; 2022-08-29; 13:35:51; 31; 31
32; 2022-08-29; 06:24:10; 32; 32
33; 2022-08-21; 03:03:28; 33; 33
34; 2022-09-19; 13:09:04; 34; 34
35; 2022-09-07; 09:02:36; 35; 35
36; 2022-07-24; 07:28:25; 36; 36
37; 2022-07-02; 18:31:49; 37; 37
38; 2022-09-24; 06:36:17; 38; 38
39; 2022-08-11; 23:07:48; 39; 39
40; 2022-07-11; 01:58:53; 40; 40
41; 2022-08-28; 12:10:07; 41; 41
42; 2022-08-14; 16:20:44; 42; 42
43; 2022-07-03; 04:02:57; 43; 43
44; 2022-07-10; 13:59:36; 44; 44
45; 2022-09-17; 04:26:32; 45; 45
46; 2022-09-20; 19:31:10; 46; 46
47; 2022-08-05; 15:28:02; 47; 47
48; 2022-08-16; 12:35:22; 48; 48
49; 2022-09-29; 18:36:40; 49; 49
50; 2022-09-16; 15:40:51; 50; 50
51; 2022-09-23; 03:46:39; 51; 51
52; 2022-08-15; 21:02:34; 52; 52
53; 2022-09-24; 13:49:56; 53; 53
54; 2022-07-15; 19:37:30; 54; 54
55; 2022-08-25; 14:59:31; 55; 55
56; 2022-07-19; 21:49:10; 56; 56
57; 2022-06-30; 09:54:31; 57; 57
58; 2022-07-15; 10:58:28; 58; 58
59; 2022-08-15; 20:54:44; 59; 59
60; 2022-08-11; 10:52:53; 60; 60
61; 2022-08-30; 02:37:37; 61; 61
62; 2022-08-13; 13:43:50; 62; 62
63; 2022-10-01; 15:34:28; 63; 63
64; 2022-07-29; 01:37:06; 64; 64
65; 2022-07-16; 14:31:32; 65; 65
66; 2022-07-05; 02:37:28; 66; 66
67; 2022-09-05; 16:15:35; 67; 67
68; 2022-08-12; 08:43:58; 68; 68
69; 2022-07-04; 01:43:55; 69; 69
70; 2022-10-02; 17:45:51; 70; 70
71; 2022-09-23; 22:40:54; 71; 71
72; 2022-08-31; 19:26:45; 72; 72
73; 2022-08-21; 11:51:45; 73; 73
74; 2022-07-19; 00:57:10; 74; 74
75; 2022-09-02; 03:20:42; 75; 75
76; 2022-07-26; 14:23:29; 76; 76
77; 2022-09-22; 11:18:20; 77; 77
78; 2022-07-04; 12:43:22; 78; 78
79; 2022-09-28; 09:53:17; 79; 79
80; 2022-08-09; 17:51:27; 80; 80
81; 2022-08-15; 09:09:15; 81; 81
82; 2022-09-15; 09:47:10; 82; 82
83; 2022-09-13; 11:19:26; 83; 83
84; 2022-09-27; 13:20:20; 84; 84
85; 2022-09-27; 15:44:10; 85; 85
86; 2022-09-01; 16:08:52; 86; 86
87; 2022-08-03; 22:12:00; 87; 87
88; 2022-10-03; 08:04:19; 88; 88
89; 2022-07-16; 10:57:13; 89; 89
90; 2022-06-27; 19:10:21; 90; 90
91; 2022-06-30; 02:40:28; 91; 91
92; 2022-07-01; 02:49:03; 92; 92
93; 2022-07-09; 19:50:58; 93; 93
94; 2022-07-21; 02:28:31; 94; 94
95; 2022-07-29; 14:13:15; 95; 95
96; 2022-08-21; 18:02:01; 96; 96
97; 2022-08-24; 22:55:34; 97; 97
98; 2022-08-04; 19:18:51; 98; 98
99; 2022-09-09; 13:41:06; 99; 99
100; 2022-09-30; 08:38:28; 100; 100
101; 2022-08-18; 12:33:46; 78; 101
102; 2022-08-17; 18:51:34; 72; 102
103; 2022-07-02; 06:48:44; 78; 103
104; 2022-07-12; 02:02:13; 81; 104
105; 2022-07-19; 14:53:15; 18; 105
106; 2022-08-14; 12:46:33; 74; 106
107; 2022-10-03; 11:46:40; 39; 107
108; 2022-08-12; 18:53:06; 2; 108
109; 2022-09-04; 07:49:19; 96; 109
110; 2022-07-05; 01:49:28; 6; 110
111; 2022-08-16; 16:40:52; 75; 111
112; 2022-09-30; 11:12:31; 36; 112
113; 2022-09-08; 03:11:55; 75; 113
114; 2022-07-30; 10:05:58; 42; 114
115; 2022-07-01; 10:44:32; 28; 115
116; 2022-09-13; 23:53:24; 67; 116
117; 2022-07-03; 15:55:04; 91; 117
118; 2022-07-04; 08:23:04; 26; 118
119; 2022-09-17; 15:14:51; 19; 119
120; 2022-07-29; 15:50:11; 44; 120
121; 2022-08-14; 01:05:01; 19; 121
122; 2022-06-30; 05:25:33; 79; 122
123; 2022-07-08; 05:32:45; 45; 123
124; 2022-07-17; 23:37:54; 96; 124
125; 2022-07-14; 00:30:09; 43; 125
126; 2022-08-20; 14:58:14; 87; 126
127; 2022-07-08; 15:53:14; 14; 127
128; 2022-09-04; 01:46:35; 57; 128
129; 2022-07-20; 01:58:22; 49; 129
130; 2022-09-10; 02:40:09; 36; 130
131; 2022-07-09; 16:17:59; 5; 131
132; 2022-08-18; 02:59:43; 20; 132
133; 2022-07-19; 15:34:22; 29; 133
134; 2022-09-20; 19:29:30; 39; 134
135; 2022-07-17; 00:45:18; 27; 135
136; 2022-09-22; 17:29:14; 59; 136
137; 2022-09-03; 01:18:13; 3; 137
138; 2022-07-11; 01:22:44; 87; 138
139; 2022-09-25; 13:09:23; 73; 139
140; 2022-07-18; 23:49:27; 5; 140
141; 2022-07-03; 02:13:48; 17; 141
142; 2022-08-26; 22:44:19; 15; 142
143; 2022-08-08; 14:16:23; 82; 143
144; 2022-08-25; 13:25:54; 62; 144
145; 2022-08-24; 22:34:59; 60; 145
146; 2022-09-05; 12:08:47; 33; 146
147; 2022-08-16; 22:43:41; 1; 147
148; 2022-07-18; 06:36:21; 24; 148
149; 2022-07-07; 05:15:24; 6; 149
150; 2022-08-03; 22:16:23; 58; 150
151; 2022-08-17; 20:52:54; 90; 151
152; 2022-08-11; 16:15:18; 22; 152
153; 2022-09-24; 17:43:43; 96; 153
154; 2022-09-30; 19:13:27; 82; 154
155; 2022-09-14; 00:21:18; 47; 155
156; 2022-07-05; 14:53:05; 34; 156
157; 2022-07-10; 23:46:03; 80; 157
158; 2022-09-04; 14:00:53; 66; 158
159; 2022-07-04; 23:49:01; 59; 159
160; 2022-07-12; 22:46:49; 70; 160
161; 2022-09-27; 15:46:36; 85; 161
162; 2022-09-15; 12:09:45; 78; 162
163; 2022-07-07; 21:23:16; 67; 163
164; 2022-08-04; 02:52:15; 28; 164
165; 2022-07-25; 04:10:40; 70; 165
166; 2022-09-15; 08:51:11; 29; 166
167; 2022-08-07; 20:54:38; 26; 167
168; 2022-08-09; 16:10:36; 41; 168
169; 2022-08-14; 13:48:51; 32; 169
170; 2022-09-07; 19:00:49; 19; 170
171; 2022-09-07; 16:28:39; 97; 171
172; 2022-07-23; 09:55:48; 44; 172
173; 2022-09-08; 12:22:55; 39; 173
174; 2022-07-05; 01:59:16; 39; 174
175; 2022-08-02; 16:12:14; 1; 175
176; 2022-07-10; 17:11:10; 95; 176
177; 2022-08-04; 06:17:07; 4; 177
178; 2022-08-11; 03:27:48; 45; 178
179; 2022-08-15; 22:48:35; 45; 179
180; 2022-07-03; 01:18:15; 6; 180
181; 2022-08-31; 12:31:38; 47; 181
182; 2022-08-21; 19:18:54; 41; 182
183; 2022-07-28; 23:34:03; 70; 183
184; 2022-09-15; 04:48:10; 20; 184
185; 2022-08-18; 18:35:04; 64; 185
186; 2022-08-25; 11:58:53; 51; 186
187; 2022-08-19; 19:14:41; 78; 187
188; 2022-08-19; 18:38:08; 34; 188
189; 2022-08-07; 13:37:44; 94; 189
190; 2022-07-29; 15:30:38; 3; 190
191; 2022-07-10; 13:21:17; 25; 191
192; 2022-10-04; 11:00:50; 96; 192
193; 2022-07-01; 10:51:55; 61; 193
194; 2022-08-17; 17:25:31; 1; 194
195; 2022-07-07; 17:11:10; 26; 195
196; 2022-09-07; 15:45:54; 52; 196
197; 2022-07-20; 15:43:45; 33; 197
198; 2022-07-18; 23:46:04; 36; 198
199; 2022-07-31; 03:34:52; 86; 199
200; 2022-08-19; 17:54:36; 28; 200
201; 2022-07-17; 06:15:26; 81; 201
202; 2022-07-20; 16:14:51; 15; 202
203; 2022-06-28; 06:45:50; 38; 203
204; 2022-07-21; 03:57:59; 52; 204
205; 2022-08-24; 23:20:12; 44; 205
206; 2022-08-25; 14:11:46; 36; 206
207; 2022-07-29; 01:26:12; 44; 207
208; 2022-10-01; 04:47:06; 83; 208
209; 2022-07-23; 06:41:41; 7; 209
210; 2022-10-04; 15:39:10; 83; 210
211; 2022-09-24; 15:17:37; 15; 211
212; 2022-07-23; 15:43:10; 37; 212
213; 2022-07-04; 21:42:42; 63; 213
214; 2022-08-01; 10:21:04; 76; 214
215; 2022-08-20; 08:31:59; 67; 215
216; 2022-09-13; 22:54:13; 81; 216
217; 2022-09-28; 13:17:08; 47; 217
218; 2022-08-30; 02:20:21; 18; 218
219; 2022-07-25; 07:46:12; 99; 219
220; 2022-08-15; 04:14:26; 14; 220
221; 2022-08-10; 07:48:48; 9; 221
222; 2022-09-25; 20:05:18; 90; 222
223; 2022-08-17; 07:56:39; 74; 223
224; 2022-09-16; 10:21:07; 87; 224
225; 2022-08-26; 20:21:06; 75; 225
226; 2022-08-23; 11:00:05; 23; 226
227; 2022-08-28; 01:22:44; 59; 227
228; 2022-07-21; 17:22:04; 34; 228
229; 2022-08-24; 21:51:39; 29; 229
230; 2022-07-07; 20:49:48; 48; 230
231; 2022-09-27; 10:19:05; 24; 231
232; 2022-07-05; 22:18:04; 94; 232
233; 2022-07-07; 10:21:41; 21; 233
234; 2022-09-06; 20:12:33; 30; 234
235; 2022-07-13; 05:12:59; 83; 235
236; 2022-07-25; 08:01:07; 40; 236
237; 2022-10-01; 05:07:15; 53; 237
238; 2022-06-30; 16:15:05; 59; 238
239; 2022-09-06; 03:06:09; 31; 239
240; 2022-09-22; 05:20:21; 20; 240
241; 2022-09-19; 21:55:33; 88; 241
242; 2022-07-19; 01:06:51; 41; 242
243; 2022-09-14; 23:10:11; 68; 243
244; 2022-09-17; 13:49:10; 61; 244
245; 2022-09-04; 21:25:09; 26; 245
246; 2022-06-30; 02:56:23; 22; 246
247; 2022-08-18; 04:49:11; 62; 247
248; 2022-08-30; 23:31:48; 5; 248
249; 2022-07-04; 20:16:28; 92; 249
250; 2022-08-26; 03:50:55; 37; 250
251; 2022-07-23; 12:42:50; 13; 251
252; 2022-09-01; 09:59:41; 22; 252
253; 2022-07-04; 22:54:30; 86; 253
254; 2022-07-26; 19:12:04; 64; 254
255; 2022-09-12; 23:27:40; 97; 255
256; 2022-08-31; 01:22:11; 57; 256
257; 2022-07-03; 11:15:30; 72; 257
258; 2022-08-20; 20:42:28; 15; 258
259; 2022-09-03; 11:18:56; 14; 259
260; 2022-09-12; 09:22:56; 28; 260
261; 2022-07-06; 05:01:59; 7; 261
262; 2022-08-28; 14:54:28; 65; 262
263; 2022-08-17; 00:34:21; 83; 263
264; 2022-07-28; 17:55:55; 55; 264
265; 2022-09-12; 22:55:37; 76; 265
266; 2022-08-31; 06:16:11; 33; 266
267; 2022-08-31; 17:17:04; 67; 267
268; 2022-09-10; 19:38:10; 57; 268
269; 2022-07-13; 19:13:17; 30; 269
270; 2022-08-31; 15:33:10; 26; 270
271; 2022-07-04; 01:53:46; 30; 271
272; 2022-08-15; 15:15:16; 96; 272
273; 2022-07-09; 15:58:45; 64; 273
274; 2022-09-02; 11:34:16; 94; 274
275; 2022-10-02; 19:16:42; 79; 275
276; 2022-10-01; 22:26:03; 36; 276
277; 2022-09-08; 02:55:19; 29; 277
278; 2022-07-25; 16:02:31; 45; 278
279; 2022-08-30; 22:19:10; 42; 279
280; 2022-07-01; 16:07:38; 93; 280
281; 2022-08-30; 16:08:10; 61; 281
282; 2022-07-26; 22:45:25; 3; 282
283; 2022-10-01; 01:15:20; 59; 283
284; 2022-07-08; 04:51:28; 50; 284
285; 2022-08-09; 12:13:36; 84; 285
286; 2022-09-12; 06:06:10; 15; 286
287; 2022-09-07; 08:37:49; 86; 287
288; 2022-09-26; 21:26:25; 45; 288
289; 2022-07-22; 01:44:35; 7; 289
290; 2022-09-29; 23:36:36; 19; 290
291; 2022-09-29; 09:43:41; 32; 291
292; 2022-07-20; 01:17:46; 54; 292
293; 2022-09-20; 02:35:50; 34; 293
294; 2022-07-20; 03:44:04; 31; 294
295; 2022-08-14; 23:51:08; 35; 295
296; 2022-08-13; 19:19:30; 100; 296
297; 2022-09-20; 03:38:58; 19; 297
298; 2022-09-20; 22:15:00; 24; 298
299; 2022-08-01; 15:46:29; 45; 299
300; 2022-08-27; 13:49:38; 60; 300
301; 2022-08-14; 22:08:54; 79; 301
302; 2022-08-18; 22:36:33; 6; 302
303; 2022-08-09; 18:43:18; 33; 303
304; 2022-10-02; 14:31:13; 99; 304
305; 2022-08-05; 07:17:34; 72; 305
306; 2022-07-22; 21:31:04; 32; 306
307; 2022-07-26; 03:41:01; 1; 307
308; 2022-08-17; 10:16:38; 13; 308
309; 2022-09-03; 13:35:37; 33; 309
310; 2022-08-11; 15:37:16; 15; 310
311; 2022-07-31; 09:55:16; 85; 311
312; 2022-06-29; 15:10:50; 59; 312
313; 2022-07-18; 16:17:42; 6; 313
314; 2022-09-07; 11:44:27; 60; 314
315; 2022-06-27; 21:14:15; 18; 315
316; 2022-07-12; 13:43:36; 71; 316
317; 2022-07-15; 04:29:45; 76; 317
318; 2022-08-04; 11:00:24; 22; 318
319; 2022-09-09; 06:33:28; 84; 319
320; 2022-09-02; 17:17:13; 77; 320
321; 2022-08-21; 04:12:20; 20; 321
322; 2022-08-17; 08:07:17; 58; 322
323; 2022-07-09; 17:23:44; 22; 323
324; 2022-09-20; 22:37:06; 39; 324
325; 2022-09-04; 13:16:13; 17; 325
326; 2022-09-13; 09:05:40; 96; 326
327; 2022-08-13; 11:29:43; 24; 327
328; 2022-07-21; 12:06:33; 26; 328
329; 2022-09-09; 01:22:45; 80; 329
330; 2022-08-18; 12:42:00; 81; 330
331; 2022-07-04; 05:46:25; 46; 331
332; 2022-10-01; 06:28:29; 81; 332
333; 2022-07-04; 17:42:50; 100; 333
334; 2022-08-09; 23:46:47; 55; 334
335; 2022-08-26; 21:51:31; 26; 335
336; 2022-07-30; 07:25:40; 87; 336
337; 2022-08-15; 03:31:03; 58; 337
338; 2022-07-11; 09:27:11; 33; 338
339; 2022-07-10; 06:14:34; 70; 339
340; 2022-07-25; 18:44:26; 30; 340
341; 2022-07-16; 02:18:35; 94; 341
342; 2022-09-20; 20:11:58; 39; 342
343; 2022-08-24; 13:41:22; 71; 343
344; 2022-08-06; 13:21:34; 33; 344
345; 2022-07-10; 07:09:28; 6; 345
346; 2022-07-26; 20:05:47; 48; 346
347; 2022-08-08; 13:59:06; 67; 347
348; 2022-08-08; 17:44:49; 39; 348
349; 2022-09-19; 17:44:15; 59; 349
350; 2022-07-08; 05:01:53; 74; 350
351; 2022-09-19; 09:07:15; 33; 351
352; 2022-08-24; 15:31:37; 32; 352
353; 2022-08-09; 14:05:23; 18; 353
354; 2022-06-29; 11:09:29; 39; 354
355; 2022-08-02; 10:39:33; 62; 355
356; 2022-09-07; 08:49:57; 34; 356
357; 2022-07-11; 09:20:28; 19; 357
358; 2022-09-11; 07:48:12; 22; 358
359; 2022-07-01; 10:47:29; 43; 359
360; 2022-08-28; 11:45:59; 87; 360
361; 2022-07-11; 15:36:48; 18; 361
362; 2022-08-22; 15:54:28; 68; 362
363; 2022-09-22; 16:00:41; 85; 363
364; 2022-09-30; 14:27:14; 3; 364
365; 2022-08-10; 14:33:27; 73; 365
366; 2022-08-16; 07:31:20; 35; 366
367; 2022-07-05; 07:29:56; 6; 367
368; 2022-08-09; 21:00:08; 85; 368
369; 2022-08-18; 12:56:14; 69; 369
370; 2022-08-09; 05:31:59; 43; 370
371; 2022-08-17; 14:09:41; 79; 371
372; 2022-07-26; 19:02:46; 55; 372
373; 2022-08-19; 10:32:41; 51; 373
374; 2022-08-21; 14:24:33; 83; 374
375; 2022-07-07; 07:01:30; 52; 375
376; 2022-09-08; 00:04:26; 48; 376
377; 2022-09-06; 16:00:26; 3; 377
378; 2022-07-11; 00:18:28; 21; 378
379; 2022-08-05; 23:22:00; 37; 379
380; 2022-06-28; 02:04:47; 70; 380
381; 2022-10-01; 13:26:50; 56; 381
382; 2022-10-04; 09:51:27; 41; 382
383; 2022-08-13; 08:01:08; 52; 383
384; 2022-08-06; 00:56:12; 5; 384
385; 2022-07-07; 09:12:08; 88; 385
386; 2022-07-27; 13:37:32; 12; 386
387; 2022-07-16; 00:21:23; 63; 387
388; 2022-08-19; 13:37:06; 13; 388
389; 2022-09-14; 22:37:33; 35; 389
390; 2022-07-04; 06:49:10; 92; 390
391; 2022-08-01; 04:30:18; 51; 391
392; 2022-08-08; 05:13:40; 3; 392
393; 2022-09-30; 03:59:50; 92; 393
394; 2022-10-03; 18:59:17; 77; 394
395; 2022-07-09; 05:40:42; 25; 395
396; 2022-09-20; 03:50:24; 29; 396
397; 2022-09-30; 01:58:01; 59; 397
398; 2022-09-11; 20:49:57; 21; 398
399; 2022-09-03; 00:24:34; 57; 399
400; 2022-09-27; 16:32:46; 38; 400
401; 2022-09-10; 06:25:54; 32; 401
402; 2022-07-08; 16:27:17; 93; 402
403; 2022-09-25; 14:48:32; 31; 403
404; 2022-07-09; 12:35:24; 6; 404
405; 2022-06-29; 12:19:40; 90; 405
406; 2022-08-14; 02:46:02; 11; 406
407; 2022-09-12; 22:35:34; 7; 407
408; 2022-07-11; 16:21:54; 90; 408
409; 2022-07-04; 06:56:36; 66; 409
410; 2022-08-22; 03:13:18; 59; 410
411; 2022-08-10; 12:31:41; 8; 411
412; 2022-07-04; 01:41:51; 89; 412
413; 2022-07-18; 16:37:56; 44; 413
414; 2022-06-27; 20:47:52; 14; 414
415; 2022-06-27; 22:40:18; 25; 415
416; 2022-08-27; 17:46:11; 32; 416
417; 2022-07-02; 13:48:30; 35; 417
418; 2022-08-30; 02:14:02; 97; 418
419; 2022-07-11; 14:11:55; 21; 419
420; 2022-09-11; 11:15:34; 91; 420
421; 2022-07-27; 22:01:40; 79; 421
422; 2022-09-01; 19:53:46; 27; 422
423; 2022-08-24; 20:44:53; 58; 423
424; 2022-09-16; 16:34:08; 71; 424
425; 2022-09-07; 00:43:12; 55; 425
426; 2022-09-20; 22:37:03; 4; 426
427; 2022-08-01; 13:11:33; 27; 427
428; 2022-08-18; 04:06:34; 95; 428
429; 2022-10-03; 19:55:10; 61; 429
430; 2022-08-02; 12:38:37; 9; 430
431; 2022-08-27; 16:01:13; 36; 431
432; 2022-08-03; 03:25:00; 17; 432
433; 2022-08-24; 02:10:43; 55; 433
434; 2022-09-17; 20:23:10; 72; 434
435; 2022-10-03; 15:11:24; 98; 435
436; 2022-09-29; 03:20:23; 84; 436
437; 2022-08-16; 05:00:33; 95; 437
438; 2022-09-28; 16:03:13; 3; 438
439; 2022-07-10; 08:28:52; 47; 439
440; 2022-07-25; 22:49:16; 58; 440
441; 2022-07-08; 03:38:01; 7; 441
442; 2022-07-12; 07:22:53; 16; 442
443; 2022-07-29; 15:35:21; 20; 443
444; 2022-07-21; 09:34:15; 68; 444
445; 2022-07-03; 22:51:01; 23; 445
446; 2022-10-01; 20:42:16; 84; 446
447; 2022-07-06; 11:54:30; 44; 447
448; 2022-09-25; 00:15:17; 53; 448
449; 2022-08-01; 01:29:53; 31; 449
450; 2022-09-26; 00:47:01; 31; 450
451; 2022-07-11; 14:47:30; 11; 451
452; 2022-10-04; 22:29:31; 2; 452
453; 2022-09-16; 03:06:47; 22; 453
454; 2022-10-01; 08:56:00; 96; 454
455; 2022-07-31; 09:58:18; 98; 455
456; 2022-08-30; 16:37:17; 44; 456
457; 2022-09-19; 04:54:19; 90; 457
458; 2022-07-30; 22:25:59; 44; 458
459; 2022-06-30; 03:35:40; 78; 459
460; 2022-07-22; 07:43:35; 28; 460
461; 2022-09-06; 20:01:23; 49; 461
462; 2022-09-16; 00:42:27; 60; 462
463; 2022-06-30; 01:31:36; 72; 463
464; 2022-09-05; 19:52:09; 67; 464
465; 2022-10-01; 19:23:40; 84; 465
466; 2022-09-22; 12:24:39; 58; 466
467; 2022-08-21; 00:37:08; 76; 467
468; 2022-09-13; 14:59:06; 36; 468
469; 2022-08-23; 07:02:43; 50; 469
470; 2022-09-26; 07:30:18; 60; 470
471; 2022-07-12; 04:57:18; 12; 471
472; 2022-09-10; 08:52:40; 55; 472
473; 2022-10-01; 13:34:02; 47; 473
474; 2022-09-22; 08:29:42; 95; 474
475; 2022-07-01; 22:15:44; 78; 475
476; 2022-09-18; 02:12:28; 64; 476
477; 2022-06-28; 21:19:16; 97; 477
478; 2022-09-11; 12:55:12; 50; 478
479; 2022-09-13; 21:22:52; 96; 479
480; 2022-08-21; 12:58:20; 35; 480
481; 2022-09-06; 19:57:41; 58; 481
482; 2022-08-17; 19:24:42; 57; 482
483; 2022-09-25; 12:31:56; 81; 483
484; 2022-07-16; 13:46:05; 55; 484
485; 2022-09-17; 13:17:01; 74; 485
486; 2022-06-30; 23:05:42; 21; 486
487; 2022-09-22; 17:46:35; 8; 487
488; 2022-09-29; 10:22:16; 57; 488
489; 2022-08-22; 09:04:15; 41; 489
490; 2022-09-06; 22:50:57; 100; 490
491; 2022-07-01; 00:28:19; 12; 491
492; 2022-09-01; 09:00:14; 97; 492
493; 2022-09-22; 20:22:17; 76; 493
494; 2022-07-31; 08:47:23; 81; 494
495; 2022-08-06; 08:48:14; 39; 495
496; 2022-07-24; 01:34:03; 49; 496
497; 2022-07-02; 22:24:10; 22; 497
498; 2022-07-08; 19:59:38; 15; 498
499; 2022-09-16; 21:14:58; 93; 499
500; 2022-10-01; 01:20:30; 5; 500
501; 2022-09-05; 01:27:37; 65; 501
502; 2022-07-25; 07:56:22; 65; 502
503; 2022-08-14; 13:38:03; 62; 503
504; 2022-09-13; 13:16:29; 36; 504
505; 2022-07-02; 02:52:08; 24; 505
506; 2022-08-04; 11:52:10; 65; 506
507; 2022-08-03; 19:25:44; 8; 507
508; 2022-09-18; 12:47:58; 97; 508
509; 2022-07-02; 22:41:09; 17; 509
510; 2022-07-07; 23:32:02; 86; 510
511; 2022-09-22; 05:36:11; 98; 511
512; 2022-09-12; 18:35:48; 100; 512
513; 2022-09-07; 22:18:04; 8; 513
514; 2022-09-09; 04:49:44; 61; 514
515; 2022-08-06; 19:47:33; 17; 515
516; 2022-08-08; 12:13:47; 75; 516
517; 2022-07-22; 21:13:02; 62; 517
518; 2022-08-22; 17:14:52; 100; 518
519; 2022-09-16; 13:50:04; 89; 519
520; 2022-08-19; 17:03:54; 19; 520
521; 2022-08-10; 03:19:00; 10; 521
522; 2022-09-03; 19:07:35; 62; 522
523; 2022-08-03; 10:54:07; 15; 523
524; 2022-08-11; 04:29:31; 87; 524
525; 2022-08-09; 13:15:57; 93; 525
526; 2022-08-27; 06:37:37; 41; 526
527; 2022-08-10; 05:44:47; 10; 527
528; 2022-08-12; 08:26:00; 51; 528
529; 2022-07-26; 07:09:10; 27; 529
530; 2022-07-16; 13:27:07; 77; 530
531; 2022-07-19; 06:20:49; 29; 531
532; 2022-08-29; 20:28:42; 66; 532
533; 2022-08-04; 01:38:51; 22; 533
534; 2022-10-01; 01:44:00; 26; 534
535; 2022-09-20; 16:33:13; 9; 535
536; 2022-08-11; 17:27:20; 31; 536
537; 2022-08-11; 02:15:49; 19; 537
538; 2022-06-28; 16:33:17; 68; 538
539; 2022-07-27; 15:10:14; 59; 539
540; 2022-07-10; 10:57:28; 7; 540
541; 2022-08-23; 11:47:09; 91; 541
542; 2022-07-25; 04:11:09; 11; 542
543; 2022-09-03; 20:47:54; 33; 543
544; 2022-07-02; 07:13:46; 37; 544
545; 2022-09-24; 20:47:43; 96; 545
546; 2022-09-08; 05:40:01; 69; 546
547; 2022-08-27; 17:27:03; 46; 547
548; 2022-08-20; 21:07:41; 88; 548
549; 2022-08-06; 06:11:50; 26; 549
550; 2022-06-30; 20:19:32; 17; 550
551; 2022-06-27; 00:58:51; 24; 551
552; 2022-09-04; 00:39:39; 42; 552
553; 2022-09-06; 06:17:17; 59; 553
554; 2022-09-20; 22:15:14; 63; 554
555; 2022-09-18; 18:39:03; 93; 555
556; 2022-08-02; 00:32:09; 44; 556
557; 2022-08-27; 16:02:22; 20; 557
558; 2022-08-28; 00:32:42; 100; 558
559; 2022-07-08; 16:38:06; 76; 559
560; 2022-07-01; 11:37:41; 32; 560
561; 2022-09-04; 19:00:29; 41; 561
562; 2022-08-16; 18:32:25; 32; 562
563; 2022-09-22; 08:54:50; 100; 563
564; 2022-08-26; 14:49:18; 3; 564
565; 2022-07-12; 08:51:37; 39; 565
566; 2022-07-12; 23:28:30; 22; 566
567; 2022-07-20; 09:14:31; 75; 567
568; 2022-09-05; 10:18:52; 92; 568
569; 2022-08-31; 04:36:52; 88; 569
570; 2022-07-22; 05:31:04; 62; 570
571; 2022-09-30; 06:22:07; 96; 571
572; 2022-06-29; 19:58:17; 46; 572
573; 2022-09-14; 07:32:32; 24; 573
574; 2022-09-16; 09:55:09; 28; 574
575; 2022-09-02; 19:17:13; 16; 575
576; 2022-08-10; 11:02:03; 69; 576
577; 2022-08-20; 06:22:23; 44; 577
578; 2022-10-02; 03:52:31; 80; 578
579; 2022-07-11; 19:16:45; 87; 579
580; 2022-07-31; 15:49:57; 58; 580
581; 2022-09-01; 17:38:14; 92; 581
582; 2022-09-27; 13:52:12; 21; 582
583; 2022-08-06; 16:25:32; 87; 583
584; 2022-07-23; 03:33:17; 78; 584
585; 2022-08-07; 11:50:22; 86; 585
586; 2022-07-11; 03:13:19; 63; 586
587; 2022-10-02; 17:20:50; 62; 587
588; 2022-08-02; 09:34:21; 79; 588
589; 2022-09-17; 15:37:38; 31; 589
590; 2022-09-04; 03:01:43; 62; 590
591; 2022-07-01; 12:23:55; 69; 591
592; 2022-08-24; 03:19:13; 79; 592
593; 2022-09-16; 02:50:12; 64; 593
594; 2022-07-19; 01:54:14; 73; 594
595; 2022-07-21; 15:56:54; 78; 595
596; 2022-07-08; 20:25:22; 88; 596
597; 2022-08-17; 00:33:19; 4; 597
598; 2022-07-19; 05:29:32; 58; 598
599; 2022-07-25; 12:14:46; 49; 599
600; 2022-08-03; 05:59:32; 66; 600
601; 2022-09-27; 10:01:15; 77; 601
602; 2022-08-22; 02:01:45; 97; 602
603; 2022-07-23; 01:08:43; 28; 603
604; 2022-09-17; 02:15:59; 35; 604
605; 2022-08-05; 21:50:22; 10; 605
606; 2022-07-29; 10:00:15; 98; 606
607; 2022-09-23; 17:13:16; 8; 607
608; 2022-07-03; 21:52:32; 75; 608
609; 2022-06-28; 08:35:35; 36; 609
610; 2022-07-02; 11:48:31; 33; 610
611; 2022-07-20; 13:41:56; 79; 611
612; 2022-10-03; 20:33:38; 1; 612
613; 2022-07-30; 16:57:03; 65; 613
614; 2022-08-03; 07:27:17; 71; 614
615; 2022-09-24; 21:31:15; 90; 615
616; 2022-07-16; 06:15:43; 83; 616
617; 2022-07-13; 10:17:30; 72; 617
618; 2022-09-17; 22:39:08; 12; 618
619; 2022-09-11; 19:50:42; 41; 619
620; 2022-08-04; 05:17:21; 3; 620
621; 2022-07-04; 00:48:24; 90; 621
622; 2022-10-04; 22:37:56; 1; 622
623; 2022-08-05; 09:58:24; 2; 623
624; 2022-07-11; 20:28:30; 46; 624
625; 2022-08-11; 23:55:19; 41; 625
626; 2022-10-01; 01:40:44; 83; 626
627; 2022-09-02; 17:56:34; 17; 627
628; 2022-07-29; 11:11:20; 19; 628
629; 2022-10-01; 13:18:14; 86; 629
630; 2022-09-22; 10:31:41; 37; 630
631; 2022-08-09; 23:17:17; 69; 631
632; 2022-08-28; 12:17:09; 24; 632
633; 2022-08-08; 13:26:07; 4; 633
634; 2022-10-01; 01:06:42; 18; 634
635; 2022-09-04; 17:20:01; 74; 635
636; 2022-08-05; 15:27:56; 27; 636
637; 2022-09-06; 07:12:46; 100; 637
638; 2022-09-13; 21:47:33; 80; 638
639; 2022-07-02; 11:53:44; 39; 639
640; 2022-09-05; 00:23:53; 73; 640
641; 2022-09-23; 10:52:46; 86; 641
642; 2022-07-26; 08:17:47; 25; 642
643; 2022-09-20; 15:13:01; 22; 643
644; 2022-09-25; 22:33:30; 8; 644
645; 2022-09-29; 22:26:29; 80; 645
646; 2022-07-21; 05:31:57; 58; 646
647; 2022-07-12; 10:15:54; 89; 647
648; 2022-07-16; 14:25:35; 28; 648
649; 2022-09-29; 02:36:02; 28; 649
650; 2022-07-11; 10:15:21; 69; 650
651; 2022-08-07; 08:14:55; 15; 651
652; 2022-09-22; 04:19:04; 89; 652
653; 2022-09-18; 17:04:12; 96; 653
654; 2022-07-02; 15:47:06; 4; 654
655; 2022-07-26; 11:24:19; 91; 655
656; 2022-07-10; 04:37:51; 56; 656
657; 2022-07-07; 04:35:01; 82; 657
658; 2022-07-05; 04:25:49; 43; 658
659; 2022-07-16; 02:48:07; 56; 659
660; 2022-09-27; 09:19:32; 47; 660
661; 2022-07-24; 13:49:31; 77; 661
662; 2022-08-18; 14:30:05; 65; 662
663; 2022-08-28; 23:47:50; 32; 663
664; 2022-09-21; 00:52:19; 90; 664
665; 2022-08-31; 20:41:58; 96; 665
666; 2022-09-02; 13:51:56; 35; 666
667; 2022-07-11; 11:09:01; 37; 667
668; 2022-09-27; 08:49:37; 50; 668
669; 2022-09-28; 21:44:07; 65; 669
670; 2022-09-11; 13:30:16; 83; 670
671; 2022-07-04; 08:36:01; 19; 671
672; 2022-07-23; 20:27:03; 78; 672
673; 2022-08-13; 18:44:56; 69; 673
674; 2022-07-13; 23:11:06; 50; 674
675; 2022-09-26; 11:51:31; 13; 675
676; 2022-07-13; 07:28:06; 19; 676
677; 2022-08-31; 04:51:36; 19; 677
678; 2022-08-21; 11:53:59; 87; 678
679; 2022-09-21; 03:51:26; 88; 679
680; 2022-07-26; 11:32:13; 55; 680
681; 2022-07-16; 08:31:55; 91; 681
682; 2022-09-25; 11:07:47; 7; 682
683; 2022-09-30; 19:01:13; 87; 683
684; 2022-09-13; 06:36:23; 2; 684
685; 2022-09-09; 21:10:54; 80; 685
686; 2022-09-23; 07:37:42; 62; 686
687; 2022-08-11; 14:07:32; 21; 687
688; 2022-08-08; 02:08:09; 84; 688
689; 2022-07-28; 05:17:44; 2; 689
690; 2022-07-08; 00:29:56; 20; 690
691; 2022-07-20; 22:57:59; 59; 691
692; 2022-06-28; 04:43:13; 73; 692
693; 2022-09-24; 18:35:18; 57; 693
694; 2022-08-23; 01:29:08; 94; 694
695; 2022-09-11; 04:29:37; 60; 695
696; 2022-08-27; 05:53:01; 22; 696
697; 2022-06-30; 10:05:33; 9; 697
698; 2022-07-13; 12:59:24; 3; 698
699; 2022-09-21; 02:32:48; 35; 699
700; 2022-08-14; 22:59:14; 44; 700
701; 2022-08-21; 20:26:28; 58; 701
702; 2022-07-24; 03:55:22; 90; 702
703; 2022-08-24; 04:46:22; 26; 703
704; 2022-07-17; 10:29:49; 34; 704
705; 2022-08-06; 04:14:33; 20; 705
706; 2022-09-22; 15:07:28; 41; 706
707; 2022-08-09; 00:58:36; 61; 707
708; 2022-09-26; 03:33:23; 33; 708
709; 2022-07-10; 18:21:44; 90; 709
710; 2022-07-09; 01:22:39; 43; 710
711; 2022-10-04; 22:52:41; 68; 711
712; 2022-07-16; 11:10:38; 92; 712
713; 2022-07-04; 01:30:41; 45; 713
714; 2022-08-05; 01:54:16; 12; 714
715; 2022-07-09; 05:08:30; 62; 715
716; 2022-08-28; 21:31:23; 37; 716
717; 2022-10-01; 10:45:10; 72; 717
718; 2022-08-08; 14:13:36; 72; 718
719; 2022-09-22; 23:21:47; 48; 719
720; 2022-10-01; 05:27:49; 29; 720
721; 2022-09-26; 15:06:50; 65; 721
722; 2022-09-13; 13:31:52; 53; 722
723; 2022-08-23; 17:35:51; 19; 723
724; 2022-09-10; 11:43:02; 75; 724
725; 2022-09-28; 09:55:30; 1; 725
726; 2022-09-17; 14:52:00; 51; 726
727; 2022-08-21; 06:22:28; 49; 727
728; 2022-10-04; 16:35:08; 9; 728
729; 2022-07-03; 22:37:20; 75; 729
730; 2022-08-07; 00:57:44; 4; 730
731; 2022-08-17; 21:21:25; 91; 731
732; 2022-09-07; 04:12:51; 68; 732
733; 2022-08-17; 10:50:54; 96; 733
734; 2022-07-10; 19:54:20; 80; 734
735; 2022-06-27; 22:00:30; 56; 735
736; 2022-08-27; 01:26:38; 76; 736
737; 2022-08-17; 08:33:58; 37; 737
738; 2022-09-22; 09:31:10; 13; 738
739; 2022-08-06; 22:34:28; 25; 739
740; 2022-08-01; 16:00:17; 2; 740
741; 2022-08-23; 19:21:33; 43; 741
742; 2022-08-08; 03:44:24; 7; 742
743; 2022-07-08; 14:07:39; 91; 743
744; 2022-07-29; 07:18:48; 19; 744
745; 2022-06-29; 02:44:17; 41; 745
746; 2022-09-17; 23:12:26; 93; 746
747; 2022-07-05; 00:59:24; 59; 747
748; 2022-07-23; 21:02:53; 13; 748
749; 2022-09-24; 17:03:16; 93; 749
750; 2022-07-17; 22:18:05; 68; 750
751; 2022-09-22; 13:22:49; 4; 751
752; 2022-07-09; 15:06:04; 2; 752
753; 2022-09-02; 23:50:16; 19; 753
754; 2022-08-01; 23:13:51; 2; 754
755; 2022-09-13; 23:25:36; 97; 755
756; 2022-07-23; 09:27:32; 65; 756
757; 2022-06-30; 19:47:09; 41; 757
758; 2022-08-17; 02:10:05; 85; 758
759; 2022-07-20; 20:28:39; 49; 759
760; 2022-07-16; 18:50:53; 90; 760
761; 2022-08-30; 01:56:44; 16; 761
762; 2022-10-03; 07:51:04; 15; 762
763; 2022-08-13; 20:09:17; 93; 763
764; 2022-07-19; 03:45:26; 42; 764
765; 2022-06-30; 01:32:12; 76; 765
766; 2022-09-20; 01:04:37; 35; 766
767; 2022-07-26; 07:15:52; 57; 767
768; 2022-08-24; 00:10:13; 17; 768
769; 2022-09-11; 02:15:42; 51; 769
770; 2022-06-30; 02:44:36; 61; 770
771; 2022-09-16; 21:47:07; 64; 771
772; 2022-10-01; 12:01:03; 32; 772
773; 2022-09-17; 11:01:00; 35; 773
774; 2022-07-11; 11:55:30; 25; 774
775; 2022-07-23; 12:06:36; 76; 775
776; 2022-09-28; 22:37:10; 81; 776
777; 2022-09-30; 08:05:51; 17; 777
778; 2022-09-10; 06:34:15; 70; 778
779; 2022-07-16; 10:37:14; 60; 779
780; 2022-07-05; 16:25:13; 22; 780
781; 2022-07-17; 14:18:37; 7; 781
782; 2022-09-28; 23:27:28; 14; 782
783; 2022-09-23; 12:36:14; 63; 783
784; 2022-07-20; 15:51:03; 50; 784
785; 2022-07-04; 06:42:21; 19; 785
786; 2022-07-25; 02:39:13; 53; 786
787; 2022-07-03; 15:45:38; 37; 787
788; 2022-09-11; 00:08:14; 98; 788
789; 2022-09-11; 06:04:56; 67; 789
790; 2022-09-14; 21:06:27; 60; 790
791; 2022-08-10; 07:35:20; 43; 791
792; 2022-09-22; 04:47:34; 75; 792
793; 2022-08-01; 23:13:20; 78; 793
794; 2022-08-06; 00:24:06; 56; 794
795; 2022-07-13; 22:34:38; 55; 795
796; 2022-09-29; 08:39:37; 69; 796
797; 2022-07-15; 13:59:50; 99; 797
798; 2022-09-10; 07:23:05; 5; 798
799; 2022-07-15; 23:07:26; 28; 799
800; 2022-07-13; 22:30:49; 16; 800
801; 2022-08-07; 18:53:18; 3; 801
802; 2022-09-24; 22:56:06; 35; 802
803; 2022-07-19; 12:22:35; 6; 803
804; 2022-07-13; 21:37:59; 31; 804
805; 2022-07-26; 03:50:26; 30; 805
806; 2022-09-11; 16:14:52; 100; 806
807; 2022-08-31; 18:20:09; 38; 807
808; 2022-06-27; 08:06:09; 98; 808
809; 2022-09-17; 06:07:32; 28; 809
810; 2022-07-02; 19:24:42; 6; 810
811; 2022-08-11; 01:19:56; 91; 811
812; 2022-09-28; 04:50:54; 37; 812
813; 2022-08-16; 05:20:17; 96; 813
814; 2022-07-21; 17:59:02; 97; 814
815; 2022-09-03; 12:08:17; 15; 815
816; 2022-07-14; 10:20:09; 67; 816
817; 2022-07-18; 20:05:42; 72; 817
818; 2022-09-09; 01:54:48; 2; 818
819; 2022-08-13; 10:15:02; 51; 819
820; 2022-09-05; 16:20:04; 91; 820
821; 2022-08-03; 17:41:42; 61; 821
822; 2022-09-25; 08:48:34; 36; 822
823; 2022-09-10; 20:37:29; 11; 823
824; 2022-09-21; 23:30:24; 12; 824
825; 2022-07-13; 11:28:11; 71; 825
826; 2022-07-26; 23:50:57; 58; 826
827; 2022-07-22; 20:44:15; 1; 827
828; 2022-08-06; 03:27:51; 44; 828
829; 2022-08-28; 20:01:24; 62; 829
830; 2022-09-30; 16:55:41; 36; 830
831; 2022-08-11; 01:58:38; 80; 831
832; 2022-08-31; 13:46:29; 26; 832
833; 2022-09-16; 05:40:07; 99; 833
834; 2022-07-19; 16:38:18; 87; 834
835; 2022-07-30; 01:22:10; 61; 835
836; 2022-10-02; 16:47:48; 71; 836
837; 2022-08-15; 02:36:21; 13; 837
838; 2022-08-25; 23:27:25; 31; 838
839; 2022-07-28; 05:10:49; 37; 839
840; 2022-08-31; 11:18:22; 47; 840
841; 2022-09-19; 14:39:51; 13; 841
842; 2022-09-23; 23:58:18; 6; 842
843; 2022-07-05; 16:20:49; 59; 843
844; 2022-10-02; 22:07:29; 79; 844
845; 2022-10-03; 16:02:23; 97; 845
846; 2022-07-08; 06:26:02; 74; 846
847; 2022-08-19; 14:58:57; 74; 847
848; 2022-09-05; 18:13:45; 73; 848
849; 2022-07-28; 12:16:02; 70; 849
850; 2022-09-24; 14:21:46; 24; 850
851; 2022-08-16; 01:58:45; 58; 851
852; 2022-07-22; 06:17:20; 14; 852
853; 2022-10-03; 11:30:00; 88; 853
854; 2022-07-17; 23:10:00; 77; 854
855; 2022-09-09; 12:58:24; 27; 855
856; 2022-06-27; 01:31:10; 56; 856
857; 2022-07-26; 18:02:09; 98; 857
858; 2022-09-03; 07:53:58; 18; 858
859; 2022-06-30; 23:09:30; 54; 859
860; 2022-07-07; 00:43:44; 5; 860
861; 2022-07-08; 07:45:05; 14; 861
862; 2022-07-23; 08:33:45; 44; 862
863; 2022-09-10; 22:33:57; 79; 863
864; 2022-06-30; 04:11:04; 73; 864
865; 2022-09-04; 15:31:59; 91; 865
866; 2022-09-09; 08:20:42; 97; 866
867; 2022-09-06; 10:05:27; 26; 867
868; 2022-08-12; 01:06:15; 91; 868
869; 2022-09-09; 19:51:46; 99; 869
870; 2022-06-30; 10:32:27; 11; 870
871; 2022-06-27; 03:02:09; 91; 871
872; 2022-07-09; 12:34:31; 45; 872
873; 2022-08-27; 02:58:36; 19; 873
874; 2022-07-29; 06:31:32; 9; 874
875; 2022-08-18; 08:34:15; 35; 875
876; 2022-08-03; 18:23:12; 73; 876
877; 2022-08-23; 01:57:43; 47; 877
878; 2022-08-11; 05:11:44; 78; 878
879; 2022-08-06; 15:04:01; 83; 879
880; 2022-07-05; 12:05:18; 49; 880
881; 2022-08-25; 09:45:17; 47; 881
882; 2022-07-02; 02:35:20; 97; 882
883; 2022-09-23; 17:27:08; 92; 883
884; 2022-06-29; 15:35:53; 93; 884
885; 2022-09-11; 19:36:30; 100; 885
886; 2022-08-06; 10:30:26; 13; 886
887; 2022-08-13; 21:54:10; 15; 887
888; 2022-07-03; 19:19:17; 96; 888
889; 2022-08-19; 02:41:49; 58; 889
890; 2022-09-11; 04:08:53; 10; 890
891; 2022-08-09; 11:45:12; 64; 891
892; 2022-08-01; 19:07:11; 54; 892
893; 2022-07-28; 21:07:48; 56; 893
894; 2022-08-15; 17:35:18; 1; 894
895; 2022-08-15; 17:23:37; 17; 895
896; 2022-07-04; 13:57:22; 34; 896
897; 2022-09-14; 09:24:04; 75; 897
898; 2022-09-08; 23:52:47; 21; 898
899; 2022-09-25; 08:46:13; 47; 899
900; 2022-07-26; 23:05:37; 3; 900
901; 2022-08-09; 17:12:49; 20; 901
902; 2022-07-21; 05:42:49; 28; 902
903; 2022-08-15; 07:10:50; 99; 903
904; 2022-09-22; 14:14:22; 38; 904
905; 2022-08-29; 18:23:29; 9; 905
906; 2022-09-24; 22:21:47; 87; 906
907; 2022-08-21; 15:38:37; 20; 907
908; 2022-07-25; 00:36:32; 18; 908
909; 2022-07-07; 12:24:05; 17; 909
910; 2022-08-24; 15:27:23; 56; 910
911; 2022-07-19; 05:06:41; 97; 911
912; 2022-07-26; 19:34:59; 29; 912
913; 2022-09-02; 11:49:27; 58; 913
914; 2022-09-10; 00:24:31; 17; 914
915; 2022-08-10; 20:25:32; 37; 915
916; 2022-09-13; 20:21:30; 67; 916
917; 2022-08-29; 02:42:01; 8; 917
918; 2022-09-05; 12:44:53; 41; 918
919; 2022-09-16; 19:29:27; 8; 919
920; 2022-07-20; 17:09:31; 27; 920
921; 2022-07-30; 17:15:03; 17; 921
922; 2022-09-21; 00:44:05; 82; 922
923; 2022-08-30; 01:25:47; 97; 923
924; 2022-07-12; 23:35:04; 71; 924
925; 2022-09-25; 11:29:51; 94; 925
926; 2022-08-20; 22:23:21; 91; 926
927; 2022-08-19; 06:11:59; 1; 927
928; 2022-08-08; 12:40:44; 70; 928
929; 2022-07-13; 03:49:59; 4; 929
930; 2022-09-17; 23:18:29; 9; 930
931; 2022-08-06; 07:43:41; 28; 931
932; 2022-09-11; 10:01:33; 32; 932
933; 2022-07-24; 18:53:04; 27; 933
934; 2022-09-16; 20:47:07; 26; 934
935; 2022-06-30; 02:30:28; 51; 935
936; 2022-08-25; 13:11:02; 67; 936
937; 2022-07-29; 03:03:59; 70; 937
938; 2022-07-24; 14:17:39; 33; 938
939; 2022-09-12; 11:40:07; 31; 939
940; 2022-08-24; 18:02:19; 95; 940
941; 2022-08-02; 04:26:18; 47; 941
942; 2022-09-04; 22:11:31; 11; 942
943; 2022-08-03; 06:08:13; 63; 943
944; 2022-07-14; 21:41:58; 87; 944
945; 2022-06-26; 00:32:49; 45; 945
946; 2022-08-24; 16:10:02; 62; 946
947; 2022-08-10; 09:39:57; 60; 947
948; 2022-08-27; 11:07:03; 46; 948
949; 2022-07-04; 09:26:31; 9; 949
950; 2022-08-29; 04:49:00; 84; 950
951; 2022-07-28; 18:19:10; 78; 951
952; 2022-09-22; 16:03:51; 10; 952
953; 2022-08-02; 01:42:09; 28; 953
954; 2022-08-30; 13:52:48; 11; 954
955; 2022-09-19; 05:46:40; 86; 955
956; 2022-08-19; 21:32:36; 53; 956
957; 2022-08-25; 22:47:33; 70; 957
958; 2022-08-06; 23:56:26; 38; 958
959; 2022-08-02; 03:01:09; 69; 959
960; 2022-07-28; 11:17:54; 99; 960
961; 2022-08-01; 18:50:37; 22; 961
962; 2022-07-20; 14:26:59; 46; 962
963; 2022-09-22; 11:26:12; 61; 963
964; 2022-08-25; 16:19:26; 50; 964
965; 2022-06-30; 14:21:24; 42; 965
966; 2022-08-09; 21:41:48; 32; 966
967; 2022-08-18; 08:49:23; 97; 967
968; 2022-07-26; 19:47:05; 41; 968
969; 2022-08-27; 17:34:09; 36; 969
970; 2022-06-29; 08:21:15; 46; 970
971; 2022-09-13; 08:30:28; 53; 971
972; 2022-07-23; 07:06:42; 50; 972
973; 2022-08-26; 09:51:19; 74; 973
974; 2022-09-14; 08:41:38; 97; 974
975; 2022-07-15; 15:13:15; 50; 975
976; 2022-09-02; 17:11:55; 97; 976
977; 2022-06-27; 20:24:53; 18; 977
978; 2022-07-11; 17:45:54; 98; 978
979; 2022-09-06; 14:19:09; 89; 979
980; 2022-07-05; 00:47:23; 79; 980
981; 2022-09-28; 23:22:33; 87; 981
982; 2022-07-19; 00:48:22; 12; 982
983; 2022-09-02; 03:25:42; 69; 983
984; 2022-09-30; 20:04:16; 1; 984
985; 2022-08-06; 02:16:18; 42; 985
986; 2022-08-07; 19:25:28; 65; 986
987; 2022-08-06; 20:53:18; 37; 987
988; 2022-10-02; 17:57:27; 55; 988
989; 2022-08-02; 00:53:43; 90; 989
990; 2022-07-28; 18:32:26; 16; 990
991; 2022-08-20; 06:56:12; 15; 991
992; 2022-09-14; 23:59:49; 90; 992
993; 2022-09-29; 05:12:24; 85; 993
994; 2022-08-14; 22:41:02; 76; 994
995; 2022-08-02; 07:24:52; 49; 995
996; 2022-08-02; 22:53:55; 85; 996
997; 2022-08-18; 04:32:36; 62; 997
998; 2022-08-12; 12:42:45; 73; 998
999; 2022-10-01; 19:49:51; 96; 999
1000; 2022-09-04; 07:16:02; 37; 1000
1000; 2022-07-21; 03:01:29; 90; 717
1001; 2022-10-01; 12:44:48; 54; 726
1002; 2022-08-06; 10:44:01; 17; 577
1003; 2022-08-15; 01:35:31; 44; 668
1004; 2022-08-23; 20:13:14; 61; 958
1005; 2022-09-28; 07:53:08; 67; 808
1006; 2022-08-16; 01:07:55; 60; 991
1007; 2022-06-30; 12:49:05; 69; 311
1008; 2022-07-30; 01:11:26; 73; 908
1009; 2022-07-29; 00:41:54; 84; 414
1010; 2022-09-27; 08:49:33; 16; 800
1011; 2022-07-20; 12:35:11; 20; 507
1012; 2022-08-26; 09:36:37; 88; 524
1013; 2022-07-25; 16:26:48; 29; 318
1014; 2022-09-08; 23:32:12; 21; 478
1015; 2022-09-13; 01:20:29; 91; 52
1016; 2022-07-20; 06:45:25; 84; 570
1017; 2022-08-13; 16:49:30; 26; 380
1018; 2022-09-26; 13:18:53; 69; 519
1019; 2022-09-18; 21:31:12; 62; 122
1020; 2022-07-18; 22:37:13; 8; 810
1021; 2022-08-06; 20:44:09; 94; 391
1022; 2022-08-07; 04:47:17; 6; 4
1023; 2022-08-14; 05:32:47; 65; 59
1024; 2022-08-28; 17:34:01; 81; 561
1025; 2022-10-01; 06:30:35; 78; 717
1026; 2022-07-06; 00:59:05; 43; 700
1027; 2022-08-27; 21:07:55; 81; 174
1028; 2022-07-05; 10:22:32; 33; 854
1029; 2022-09-11; 06:32:41; 70; 821
1030; 2022-08-19; 02:49:42; 83; 241
1031; 2022-09-25; 21:43:58; 72; 134
1032; 2022-08-09; 05:46:52; 32; 291
1033; 2022-08-28; 17:51:16; 11; 232
1034; 2022-10-02; 16:36:52; 23; 33
1035; 2022-07-27; 00:49:36; 27; 242
1036; 2022-08-11; 16:30:38; 36; 925
1037; 2022-06-26; 16:15:27; 76; 788
1038; 2022-07-04; 01:19:08; 79; 534
1039; 2022-08-13; 03:43:03; 28; 125
1040; 2022-09-23; 10:53:33; 23; 724
1041; 2022-07-28; 03:30:34; 97; 515
1042; 2022-09-11; 06:24:12; 48; 796
1043; 2022-09-12; 13:45:27; 95; 149
1044; 2022-08-28; 01:14:22; 91; 437
1045; 2022-08-01; 04:01:42; 7; 498
1046; 2022-09-17; 21:28:36; 30; 273
1047; 2022-08-25; 18:38:35; 61; 948
1048; 2022-06-27; 15:00:12; 68; 23
1049; 2022-09-21; 02:48:47; 38; 149
1050; 2022-09-27; 02:53:16; 53; 491
1051; 2022-07-18; 12:53:54; 25; 636
1052; 2022-07-10; 11:02:29; 8; 499
1053; 2022-07-01; 14:28:28; 27; 948
1054; 2022-09-21; 09:37:12; 94; 904
1055; 2022-10-02; 10:25:56; 43; 424
1056; 2022-09-05; 16:08:02; 12; 596
1057; 2022-07-10; 23:00:49; 57; 88
1058; 2022-08-09; 06:48:25; 71; 711
1059; 2022-07-30; 18:34:42; 26; 965
1060; 2022-08-11; 19:35:01; 13; 375
1061; 2022-07-28; 14:13:25; 22; 311
1062; 2022-07-16; 09:45:32; 35; 411
1063; 2022-07-24; 19:37:05; 21; 285
1064; 2022-08-19; 23:24:53; 67; 814
1065; 2022-07-30; 01:23:06; 74; 247
1066; 2022-09-09; 02:47:43; 58; 574
1067; 2022-07-10; 20:52:51; 44; 269
1068; 2022-09-09; 07:08:27; 50; 528
1069; 2022-09-05; 21:09:45; 81; 799
1070; 2022-08-07; 08:12:00; 15; 910
1071; 2022-08-02; 06:40:27; 42; 32
1072; 2022-08-25; 10:24:10; 94; 991
1073; 2022-07-25; 05:11:29; 2; 458
1074; 2022-09-16; 07:44:12; 18; 103
1075; 2022-06-29; 05:33:36; 19; 915
1076; 2022-09-24; 23:24:35; 75; 46
1077; 2022-09-21; 05:04:27; 11; 416
1078; 2022-06-27; 17:42:24; 75; 118
1079; 2022-07-06; 05:56:27; 58; 225
1080; 2022-08-07; 13:20:00; 87; 291
1081; 2022-07-14; 23:11:55; 69; 801
1082; 2022-08-22; 23:44:48; 92; 941
1083; 2022-07-03; 09:04:02; 4; 400
1084; 2022-09-17; 04:11:16; 18; 999
1085; 2022-09-09; 05:09:42; 95; 909
1086; 2022-09-09; 23:22:01; 77; 770
1087; 2022-06-28; 12:15:01; 26; 202
1088; 2022-09-09; 14:36:23; 55; 206
1089; 2022-06-30; 07:33:32; 73; 974
1090; 2022-07-08; 08:29:11; 13; 234
1091; 2022-09-11; 08:02:35; 19; 435
1092; 2022-08-04; 13:34:42; 3; 299
1093; 2022-08-03; 12:22:41; 88; 894
1094; 2022-09-29; 14:21:43; 34; 278
1095; 2022-07-02; 12:30:56; 42; 214
1096; 2022-09-04; 11:42:38; 5; 160
1097; 2022-08-29; 06:29:47; 28; 766
1098; 2022-07-13; 01:40:42; 71; 403
1099; 2022-10-04; 23:23:59; 73; 432
1100; 2022-07-17; 08:23:42; 22; 206
1101; 2022-07-03; 12:35:00; 36; 431
1102; 2022-09-13; 19:28:14; 77; 76
1103; 2022-07-22; 04:59:19; 1; 281
1104; 2022-07-23; 13:58:22; 43; 263
1105; 2022-07-15; 22:55:37; 3; 415
1106; 2022-07-31; 12:07:42; 14; 802
1107; 2022-10-01; 23:15:03; 44; 556
1108; 2022-08-06; 17:35:24; 85; 709
1109; 2022-08-30; 06:18:49; 4; 461
1110; 2022-09-19; 17:28:50; 94; 79
1111; 2022-07-22; 07:36:27; 30; 334
1112; 2022-08-20; 05:56:18; 34; 360
1113; 2022-08-14; 08:45:29; 75; 188
1114; 2022-07-02; 09:55:41; 51; 7
1115; 2022-07-04; 05:25:03; 73; 551
1116; 2022-07-29; 14:40:30; 47; 50
1117; 2022-07-12; 14:02:13; 100; 751
1118; 2022-08-02; 09:04:37; 49; 762
1119; 2022-07-18; 17:23:36; 90; 288
1120; 2022-08-11; 12:29:13; 32; 587
1121; 2022-08-13; 19:56:43; 61; 449
1122; 2022-07-22; 09:43:17; 23; 478
1123; 2022-08-18; 16:07:57; 9; 431
1124; 2022-09-26; 09:23:57; 39; 329
1125; 2022-07-12; 21:34:41; 11; 24
1126; 2022-07-17; 22:16:29; 66; 309
1127; 2022-09-09; 02:48:23; 51; 129
1128; 2022-09-27; 01:34:30; 18; 852
1129; 2022-07-06; 09:49:39; 91; 355
1130; 2022-08-20; 06:08:51; 52; 535
1131; 2022-07-26; 10:36:24; 81; 870
1132; 2022-07-21; 22:09:22; 52; 742
1133; 2022-09-19; 07:15:17; 64; 734
1134; 2022-08-05; 06:23:55; 57; 951
1135; 2022-08-11; 01:59:19; 90; 604
1136; 2022-08-26; 13:52:29; 8; 988
1137; 2022-09-16; 23:12:08; 92; 528
1138; 2022-08-04; 15:23:18; 24; 312
1139; 2022-07-08; 23:14:02; 29; 398
1140; 2022-09-01; 05:36:43; 64; 275
1141; 2022-07-05; 11:38:37; 42; 861
1142; 2022-09-30; 15:47:04; 97; 454
1143; 2022-08-16; 06:29:21; 88; 698
1144; 2022-08-04; 02:56:36; 69; 70
1145; 2022-08-11; 12:36:28; 64; 65
1146; 2022-08-03; 00:48:55; 8; 701
1147; 2022-09-13; 10:26:29; 4; 281
1148; 2022-08-23; 00:44:53; 87; 633
1149; 2022-09-14; 18:25:44; 35; 219
1150; 2022-08-06; 20:36:40; 71; 594
1151; 2022-09-19; 18:28:08; 95; 586
1152; 2022-10-04; 14:09:45; 34; 721
1153; 2022-09-22; 14:03:37; 18; 826
1154; 2022-08-20; 20:25:52; 43; 99
1155; 2022-08-15; 09:16:14; 99; 792
1156; 2022-08-18; 21:41:50; 91; 990
1157; 2022-06-30; 12:25:59; 12; 304
1158; 2022-08-01; 19:51:41; 37; 310
1159; 2022-09-20; 02:10:55; 18; 414
1160; 2022-08-27; 07:34:45; 79; 784
1161; 2022-10-03; 04:44:43; 35; 688
1162; 2022-07-29; 15:18:23; 24; 685
1163; 2022-08-19; 09:12:14; 10; 422
1164; 2022-07-27; 10:39:57; 22; 888
1165; 2022-07-29; 14:43:19; 63; 999
1166; 2022-09-22; 03:38:17; 87; 523
1167; 2022-09-03; 14:51:35; 31; 527
1168; 2022-08-08; 04:12:59; 81; 486
1169; 2022-08-24; 06:12:54; 69; 295
1170; 2022-07-24; 18:32:25; 79; 342
1171; 2022-06-28; 12:56:40; 83; 895
1172; 2022-09-22; 08:13:06; 37; 167
1173; 2022-07-28; 14:16:42; 76; 198
1174; 2022-07-18; 12:20:03; 69; 302
1175; 2022-07-03; 10:57:07; 71; 328
1176; 2022-09-25; 21:47:09; 98; 897
1177; 2022-07-17; 20:02:31; 66; 172
1178; 2022-07-22; 12:52:55; 1; 150
1179; 2022-07-19; 10:30:37; 91; 128
1180; 2022-07-06; 22:00:01; 34; 905
1181; 2022-08-30; 10:32:20; 33; 48
1182; 2022-09-26; 07:28:30; 88; 622
1183; 2022-08-11; 19:32:43; 1; 737
1184; 2022-07-16; 17:01:41; 96; 760
1185; 2022-08-02; 04:44:03; 92; 779
1186; 2022-09-15; 17:47:14; 98; 440
1187; 2022-09-21; 07:00:24; 86; 541
1188; 2022-07-06; 16:16:59; 73; 394
1189; 2022-09-19; 07:21:11; 86; 469
1190; 2022-07-28; 02:46:06; 29; 293
1191; 2022-09-10; 03:52:38; 66; 163
1192; 2022-08-22; 08:16:52; 18; 977
1193; 2022-09-16; 00:32:08; 59; 843
1194; 2022-09-10; 17:15:53; 85; 593
1195; 2022-07-13; 12:08:51; 44; 621
1196; 2022-09-05; 21:10:01; 92; 884
1197; 2022-08-03; 03:36:57; 2; 593
1198; 2022-08-03; 18:03:58; 57; 874
1199; 2022-07-02; 11:47:32; 30; 637
1200; 2022-08-28; 16:44:24; 2; 35
1201; 2022-08-09; 06:58:41; 64; 829
1202; 2022-09-04; 19:09:02; 92; 258
1203; 2022-09-01; 06:31:17; 1; 408
1204; 2022-08-08; 09:34:28; 42; 729
1205; 2022-07-26; 06:14:41; 41; 168
1206; 2022-08-04; 07:47:26; 64; 842
1207; 2022-07-31; 14:46:31; 86; 37
1208; 2022-08-26; 01:51:43; 1; 741
1209; 2022-07-22; 18:02:08; 73; 574
1210; 2022-07-15; 09:50:30; 62; 3
1211; 2022-07-28; 14:20:15; 95; 664
1212; 2022-07-23; 21:48:47; 22; 828
1213; 2022-07-20; 01:16:06; 35; 924
1214; 2022-08-30; 16:06:26; 8; 993
1215; 2022-09-03; 06:12:10; 59; 64
1216; 2022-07-11; 03:21:28; 95; 707
1217; 2022-07-14; 05:47:23; 86; 849
1218; 2022-08-08; 11:47:39; 19; 108
1219; 2022-08-07; 16:33:55; 90; 646
1220; 2022-08-19; 20:15:58; 88; 939
1221; 2022-09-21; 10:34:11; 15; 249
1222; 2022-07-14; 06:55:43; 29; 427
1223; 2022-08-24; 19:27:58; 20; 196
1224; 2022-07-07; 09:29:54; 23; 283
1225; 2022-07-10; 19:08:41; 35; 196
1226; 2022-08-01; 07:35:47; 70; 578
1227; 2022-08-02; 11:48:47; 21; 896
1228; 2022-09-05; 16:48:45; 53; 889
1229; 2022-07-05; 02:22:06; 43; 930
1230; 2022-08-07; 08:19:06; 72; 558
1231; 2022-06-27; 05:05:15; 59; 244
1232; 2022-09-22; 20:06:10; 57; 849
1233; 2022-08-03; 08:16:39; 83; 205
1234; 2022-09-28; 09:28:30; 56; 168
1235; 2022-09-08; 04:46:42; 99; 642
1236; 2022-07-13; 12:37:40; 35; 863
1237; 2022-07-28; 13:26:30; 16; 225
1238; 2022-06-28; 16:32:20; 8; 732
1239; 2022-08-12; 08:17:14; 27; 121
1240; 2022-07-05; 19:46:22; 8; 184
1241; 2022-06-29; 22:17:56; 11; 163
1242; 2022-07-15; 19:01:34; 55; 64
1243; 2022-09-06; 13:38:26; 81; 949
1244; 2022-08-30; 12:55:01; 42; 737
1245; 2022-09-17; 11:06:39; 10; 429
1246; 2022-06-30; 05:54:34; 81; 532
1247; 2022-09-08; 11:54:27; 99; 926
1248; 2022-06-28; 08:27:12; 61; 244
1249; 2022-10-02; 23:12:27; 16; 442
1250; 2022-07-20; 10:55:17; 39; 118
1251; 2022-08-27; 19:34:08; 93; 136
1252; 2022-06-29; 20:30:29; 25; 749
1253; 2022-07-06; 00:02:51; 54; 798
1254; 2022-08-08; 09:13:13; 1; 541
1255; 2022-09-19; 15:07:02; 21; 44
1256; 2022-09-15; 10:13:53; 10; 241
1257; 2022-10-02; 11:52:54; 60; 754
1258; 2022-07-16; 07:04:18; 26; 315
1259; 2022-09-20; 01:02:13; 21; 621
1260; 2022-07-11; 10:00:04; 6; 889
1261; 2022-07-25; 05:06:47; 17; 781
1262; 2022-09-30; 20:06:59; 39; 757
1263; 2022-09-14; 02:28:18; 96; 519
1264; 2022-06-30; 21:48:50; 6; 543
1265; 2022-08-17; 01:09:13; 82; 834
1266; 2022-10-03; 00:30:06; 23; 953
1267; 2022-07-15; 12:32:17; 100; 103
1268; 2022-07-27; 07:27:37; 21; 749
1269; 2022-08-06; 20:30:01; 22; 757
1270; 2022-08-20; 04:43:08; 73; 581
1271; 2022-08-17; 20:38:30; 50; 113
1272; 2022-08-11; 01:04:45; 68; 292
1273; 2022-08-24; 21:05:11; 100; 723
1274; 2022-08-06; 14:00:16; 62; 229
1275; 2022-09-04; 09:50:32; 84; 252
1276; 2022-08-09; 22:19:59; 42; 374
1277; 2022-06-30; 02:20:52; 16; 3
1278; 2022-07-19; 12:45:49; 44; 247
1279; 2022-09-23; 10:16:04; 48; 587
1280; 2022-09-03; 14:12:33; 24; 929
1281; 2022-09-24; 06:32:25; 4; 802
1282; 2022-09-12; 18:41:34; 10; 25
1283; 2022-08-02; 23:48:02; 46; 947
1284; 2022-08-11; 03:28:41; 76; 361
1285; 2022-08-24; 18:49:37; 5; 425
1286; 2022-09-26; 15:17:12; 23; 519
1287; 2022-07-12; 13:20:38; 9; 375
1288; 2022-08-23; 22:44:11; 39; 343
1289; 2022-08-18; 02:10:52; 9; 496
1290; 2022-09-30; 13:59:27; 31; 422
1291; 2022-08-01; 19:10:06; 62; 200
1292; 2022-08-27; 18:22:48; 33; 445
1293; 2022-07-02; 22:32:41; 71; 878
1294; 2022-07-12; 06:37:53; 88; 910
1295; 2022-08-23; 21:50:02; 68; 601
1296; 2022-09-05; 19:08:39; 80; 1
1297; 2022-10-04; 03:54:03; 63; 34
1298; 2022-07-24; 12:42:08; 55; 188
1299; 2022-08-31; 03:22:16; 82; 565
1300; 2022-09-10; 19:29:58; 59; 439
1301; 2022-07-09; 06:02:56; 65; 216
1302; 2022-07-13; 15:59:06; 49; 500
1303; 2022-07-25; 05:02:43; 94; 131
1304; 2022-08-15; 03:00:26; 72; 532
1305; 2022-07-10; 00:15:51; 22; 209
1306; 2022-07-11; 03:15:22; 94; 40
1307; 2022-06-28; 03:14:01; 38; 710
1308; 2022-09-15; 16:13:49; 7; 427
1309; 2022-09-23; 01:36:15; 51; 99
1310; 2022-07-11; 08:34:23; 77; 619
1311; 2022-08-10; 16:49:30; 78; 61
1312; 2022-08-18; 04:37:16; 15; 22
1313; 2022-07-27; 13:09:12; 6; 531
1314; 2022-07-09; 14:45:49; 36; 862
1315; 2022-07-19; 22:44:30; 56; 351
1316; 2022-09-17; 11:06:23; 14; 516
1317; 2022-08-11; 20:23:37; 88; 340
1318; 2022-10-04; 21:27:39; 28; 490
1319; 2022-09-24; 11:20:56; 21; 215
1320; 2022-07-09; 08:23:17; 24; 256
1321; 2022-07-19; 00:09:11; 69; 315
1322; 2022-07-21; 22:31:54; 54; 321
1323; 2022-09-05; 18:08:58; 53; 821
1324; 2022-08-10; 00:10:14; 30; 994
1325; 2022-08-05; 12:23:05; 75; 650
1326; 2022-09-01; 17:22:39; 73; 12
1327; 2022-08-12; 00:09:39; 98; 242
1328; 2022-07-01; 19:22:29; 60; 963
1329; 2022-07-21; 02:06:34; 94; 695
1330; 2022-09-02; 14:17:18; 18; 688
1331; 2022-07-19; 04:55:25; 49; 462
1332; 2022-07-27; 14:21:55; 3; 999
1333; 2022-08-24; 17:53:45; 12; 514
1334; 2022-09-19; 00:13:02; 45; 154
1335; 2022-08-16; 19:44:11; 78; 442
1336; 2022-09-20; 23:04:57; 40; 149
1337; 2022-06-30; 04:16:45; 63; 956
1338; 2022-08-21; 19:57:00; 32; 365
1339; 2022-08-04; 23:06:10; 24; 318
1340; 2022-09-20; 07:42:10; 25; 636
1341; 2022-08-16; 10:01:28; 95; 849
1342; 2022-09-16; 00:00:41; 59; 389
1343; 2022-07-04; 04:50:47; 98; 101
1344; 2022-07-06; 19:02:49; 33; 141
1345; 2022-07-09; 12:33:33; 18; 64
1346; 2022-09-13; 05:21:22; 46; 358
1347; 2022-08-29; 11:14:18; 99; 463
1348; 2022-07-29; 06:51:56; 15; 952
1349; 2022-08-10; 18:13:57; 91; 278
1350; 2022-09-18; 22:40:09; 56; 82
1351; 2022-09-27; 02:39:32; 44; 490
1352; 2022-08-23; 14:13:18; 55; 820
1353; 2022-07-29; 20:33:40; 92; 654
1354; 2022-08-31; 20:55:20; 6; 804
1355; 2022-07-21; 02:13:55; 36; 975
1356; 2022-10-04; 06:51:54; 40; 899
1357; 2022-08-27; 04:13:19; 31; 639
1358; 2022-07-09; 01:33:26; 5; 617
1359; 2022-07-12; 09:57:36; 67; 787
1360; 2022-09-20; 14:00:40; 100; 962
1361; 2022-08-02; 04:39:34; 75; 697
1362; 2022-08-08; 22:45:25; 51; 795
1363; 2022-08-11; 05:07:36; 35; 281
1364; 2022-08-17; 06:38:30; 40; 771
1365; 2022-09-30; 15:59:34; 10; 159
1366; 2022-07-07; 01:59:47; 16; 564
1367; 2022-10-03; 06:51:28; 17; 144
1368; 2022-07-04; 16:49:53; 5; 829
1369; 2022-08-06; 15:25:08; 58; 562
1370; 2022-06-29; 00:25:39; 89; 844
1371; 2022-10-02; 21:01:18; 57; 364
1372; 2022-08-18; 18:04:25; 5; 254
1373; 2022-08-13; 14:46:38; 69; 697
1374; 2022-09-28; 19:26:01; 91; 695
1375; 2022-09-18; 22:05:47; 71; 516
1376; 2022-08-17; 11:12:14; 10; 688
1377; 2022-08-28; 13:08:49; 11; 895
1378; 2022-07-13; 17:01:51; 35; 441
1379; 2022-07-05; 10:39:45; 17; 717
1380; 2022-08-15; 08:34:17; 40; 732
1381; 2022-08-16; 22:59:04; 95; 485
1382; 2022-09-09; 01:09:49; 31; 764
1383; 2022-08-17; 05:52:02; 35; 614
1384; 2022-08-25; 07:21:07; 87; 210
1385; 2022-09-02; 23:33:19; 72; 995
1386; 2022-07-23; 23:25:08; 67; 998
1387; 2022-07-27; 16:19:38; 28; 362
1388; 2022-07-20; 16:37:04; 16; 938
1389; 2022-09-20; 18:54:18; 76; 324
1390; 2022-09-11; 10:00:52; 60; 377
1391; 2022-09-17; 08:39:38; 10; 291
1392; 2022-09-04; 21:09:30; 84; 254
1393; 2022-09-16; 03:16:56; 30; 375
1394; 2022-08-28; 10:34:03; 1; 617
1395; 2022-08-26; 19:12:51; 30; 901
1396; 2022-07-02; 08:55:01; 82; 452
1397; 2022-07-19; 17:22:09; 23; 428
1398; 2022-07-23; 10:48:06; 27; 444
1399; 2022-07-18; 21:54:18; 92; 87
1400; 2022-09-24; 23:19:56; 53; 932
1401; 2022-07-05; 19:44:18; 50; 873
1402; 2022-06-28; 11:24:44; 65; 622
1403; 2022-09-08; 11:36:43; 97; 645
1404; 2022-07-20; 10:17:20; 81; 971
1405; 2022-06-30; 18:41:47; 88; 673
1406; 2022-07-15; 23:03:48; 27; 480
1407; 2022-09-05; 20:51:22; 15; 926
1408; 2022-09-06; 20:26:53; 91; 825
1409; 2022-07-31; 22:02:09; 17; 970
1410; 2022-07-13; 13:20:32; 13; 814
1411; 2022-07-18; 13:52:29; 32; 118
1412; 2022-07-29; 22:42:42; 9; 210
1413; 2022-09-29; 13:27:49; 82; 208
1414; 2022-07-13; 19:21:27; 48; 438
1415; 2022-08-02; 17:29:39; 58; 113
1416; 2022-08-01; 03:43:59; 42; 467
1417; 2022-07-10; 09:25:01; 57; 265
1418; 2022-08-07; 16:29:18; 87; 593
1419; 2022-08-01; 22:42:12; 77; 419
1420; 2022-09-15; 21:06:52; 12; 785
1421; 2022-07-13; 02:39:25; 54; 332
1422; 2022-09-30; 05:05:17; 77; 461
1423; 2022-09-09; 17:51:52; 69; 976
1424; 2022-08-03; 07:33:09; 44; 807
1425; 2022-09-17; 21:22:27; 30; 322
1426; 2022-08-17; 11:20:17; 46; 708
1427; 2022-09-18; 10:52:26; 98; 577
1428; 2022-07-05; 03:23:50; 54; 87
1429; 2022-07-30; 18:30:44; 60; 793
1430; 2022-08-14; 23:08:31; 51; 826
1431; 2022-08-18; 10:02:44; 9; 880
1432; 2022-07-02; 15:08:47; 76; 350
1433; 2022-07-04; 16:49:34; 77; 931
1434; 2022-07-12; 13:38:45; 68; 216
1435; 2022-06-29; 20:28:13; 90; 589
1436; 2022-07-25; 15:37:40; 80; 341
1437; 2022-08-09; 11:40:31; 8; 653
1438; 2022-08-19; 02:04:01; 80; 995
1439; 2022-08-22; 16:27:57; 10; 909
1440; 2022-09-25; 10:24:45; 13; 755
1441; 2022-09-06; 03:46:17; 71; 616
1442; 2022-08-17; 12:52:54; 48; 571
1443; 2022-06-29; 19:31:18; 23; 246
1444; 2022-07-17; 20:00:20; 90; 666
1445; 2022-10-02; 09:02:45; 47; 116
1446; 2022-09-26; 06:44:56; 37; 28
1447; 2022-09-04; 23:20:21; 16; 524
1448; 2022-08-16; 11:36:13; 28; 66
1449; 2022-07-20; 22:21:32; 26; 886
1450; 2022-07-02; 03:23:02; 70; 409
1451; 2022-07-24; 08:01:15; 9; 348
1452; 2022-07-08; 18:55:48; 47; 457
1453; 2022-08-26; 21:09:43; 25; 846
1454; 2022-08-01; 06:52:55; 8; 246
1455; 2022-08-15; 17:55:41; 98; 296
1456; 2022-08-12; 20:19:22; 63; 618
1457; 2022-09-21; 00:30:58; 86; 734
1458; 2022-09-29; 22:15:24; 49; 760
1459; 2022-06-29; 12:49:45; 4; 471
1460; 2022-09-03; 16:49:40; 56; 734
1461; 2022-07-28; 05:14:48; 44; 92
1462; 2022-08-31; 02:33:20; 78; 95
1463; 2022-08-30; 19:24:02; 86; 259
1464; 2022-07-27; 20:05:46; 5; 70
1465; 2022-08-26; 06:28:38; 70; 824
1466; 2022-06-28; 03:19:29; 29; 919
1467; 2022-06-27; 11:49:42; 44; 21
1468; 2022-07-25; 17:33:25; 77; 722
1469; 2022-07-14; 05:51:03; 27; 790
1470; 2022-09-28; 11:50:22; 2; 531
1471; 2022-08-30; 08:37:19; 51; 603
1472; 2022-08-08; 23:41:57; 33; 740
1473; 2022-08-12; 22:52:28; 22; 401
1474; 2022-09-09; 11:24:12; 100; 686
1475; 2022-08-03; 10:44:37; 51; 479
1476; 2022-07-10; 09:25:03; 96; 594
1477; 2022-07-22; 12:33:02; 27; 784
1478; 2022-10-01; 18:54:43; 31; 282
1479; 2022-08-07; 23:08:26; 30; 838
1480; 2022-08-23; 14:19:56; 23; 111
1481; 2022-07-08; 02:32:41; 95; 199
1482; 2022-09-24; 20:41:25; 38; 163
1483; 2022-09-23; 07:13:11; 47; 217
1484; 2022-07-31; 09:00:51; 71; 471
1485; 2022-08-29; 09:35:21; 95; 495
1486; 2022-09-29; 20:42:05; 85; 490
1487; 2022-07-07; 16:13:01; 27; 791
1488; 2022-07-21; 17:46:40; 9; 14
1489; 2022-07-31; 16:52:07; 76; 416
1490; 2022-08-21; 08:27:49; 33; 781
1491; 2022-09-14; 23:58:24; 42; 616
1492; 2022-07-04; 04:38:07; 33; 647
1493; 2022-08-19; 18:14:17; 63; 894
1494; 2022-09-10; 14:01:55; 87; 116
1495; 2022-09-20; 14:48:11; 61; 201
1496; 2022-07-08; 14:47:43; 37; 729
1497; 2022-09-06; 12:10:49; 59; 743
1498; 2022-10-01; 01:56:59; 47; 399
1499; 2022-07-29; 23:32:40; 95; 544
1500; 2022-08-25; 13:19:03; 54; 503
1501; 2022-07-22; 19:53:45; 48; 584
1502; 2022-09-10; 03:59:41; 83; 222
1503; 2022-09-29; 16:39:26; 95; 508
1504; 2022-08-13; 03:33:04; 14; 638
1505; 2022-09-30; 19:34:40; 41; 211
1506; 2022-06-27; 14:43:43; 46; 405
1507; 2022-08-09; 21:33:32; 61; 692
1508; 2022-08-06; 13:37:27; 11; 666
1509; 2022-07-26; 17:38:48; 33; 973
1510; 2022-07-05; 03:00:43; 40; 478
1511; 2022-09-11; 08:10:18; 13; 890
1512; 2022-07-11; 02:12:45; 63; 541
1513; 2022-08-18; 04:00:36; 84; 441
1514; 2022-07-11; 05:03:02; 16; 731
1515; 2022-08-13; 02:43:04; 4; 563
1516; 2022-07-15; 11:34:42; 32; 79
1517; 2022-07-01; 13:12:11; 40; 104
1518; 2022-07-15; 02:26:00; 15; 129
1519; 2022-07-04; 15:52:05; 2; 787
1520; 2022-09-08; 20:06:08; 8; 50
1521; 2022-09-10; 22:31:50; 61; 115
1522; 2022-07-06; 07:01:52; 83; 998
1523; 2022-08-16; 16:29:29; 5; 198
1524; 2022-06-30; 15:39:36; 49; 50
1525; 2022-09-23; 14:43:52; 18; 264
1526; 2022-09-19; 14:17:53; 51; 289
1527; 2022-08-16; 21:21:39; 21; 795
1528; 2022-09-19; 06:54:48; 11; 277
1529; 2022-06-30; 22:34:47; 35; 776
1530; 2022-09-04; 06:46:52; 69; 556
1531; 2022-08-13; 12:13:33; 76; 808
1532; 2022-09-25; 22:41:51; 80; 1000
1533; 2022-08-21; 02:12:10; 42; 498
1534; 2022-08-17; 18:35:23; 36; 244
1535; 2022-08-22; 11:42:31; 65; 287
1536; 2022-08-17; 10:38:51; 39; 465
1537; 2022-06-27; 11:24:06; 75; 888
1538; 2022-07-24; 00:48:20; 41; 315
1539; 2022-10-03; 06:20:47; 97; 852
1540; 2022-08-01; 11:42:52; 66; 221
1541; 2022-10-01; 00:41:46; 27; 31
1542; 2022-09-02; 03:46:18; 47; 245
1543; 2022-08-27; 05:46:06; 36; 409
1544; 2022-10-04; 17:55:29; 24; 817
1545; 2022-09-03; 09:57:08; 3; 803
1546; 2022-07-04; 20:12:13; 20; 159
1547; 2022-07-07; 14:14:44; 96; 560
1548; 2022-08-31; 15:16:55; 96; 194
1549; 2022-08-28; 01:18:06; 79; 146
1550; 2022-09-07; 09:50:40; 13; 745
1551; 2022-07-02; 00:04:03; 59; 152
1552; 2022-07-09; 05:16:11; 39; 608
1553; 2022-07-28; 04:36:30; 2; 431
1554; 2022-07-24; 08:52:10; 62; 348
1555; 2022-08-18; 00:25:02; 12; 749
1556; 2022-07-21; 20:35:25; 83; 350
1557; 2022-08-28; 16:26:00; 5; 517
1558; 2022-09-13; 02:01:40; 54; 605
1559; 2022-09-28; 20:12:03; 91; 323
1560; 2022-07-11; 01:49:13; 83; 638
1561; 2022-09-25; 16:53:17; 15; 429
1562; 2022-07-07; 00:48:07; 52; 2
1563; 2022-09-06; 18:55:16; 10; 921
1564; 2022-08-22; 18:14:55; 10; 463
1565; 2022-08-26; 20:34:18; 84; 524
1566; 2022-07-22; 02:12:34; 26; 543
1567; 2022-09-20; 18:15:28; 24; 848
1568; 2022-08-23; 23:55:44; 86; 635
1569; 2022-06-29; 04:29:47; 15; 174
1570; 2022-07-01; 08:43:06; 95; 86
1571; 2022-09-28; 09:54:42; 9; 311
1572; 2022-08-14; 21:25:58; 28; 847
1573; 2022-08-03; 03:08:44; 61; 487
1574; 2022-09-23; 19:22:18; 25; 668
1575; 2022-08-27; 21:59:57; 60; 403
1576; 2022-09-11; 12:23:53; 90; 278
1577; 2022-07-03; 03:44:44; 91; 877
1578; 2022-09-08; 04:34:18; 32; 119
1579; 2022-09-01; 09:20:52; 63; 708
1580; 2022-09-21; 08:40:35; 91; 603
1581; 2022-08-07; 09:08:41; 1; 152
1582; 2022-08-06; 21:46:18; 66; 812
1583; 2022-08-12; 11:35:38; 91; 84
1584; 2022-08-02; 16:56:04; 68; 70
1585; 2022-07-04; 18:10:38; 49; 355
1586; 2022-06-28; 12:31:12; 67; 492
1587; 2022-07-17; 11:55:39; 63; 531
1588; 2022-07-27; 04:37:02; 88; 779
1589; 2022-08-19; 06:46:26; 26; 693
1590; 2022-07-28; 16:02:46; 69; 313
1591; 2022-07-20; 14:37:24; 75; 618
1592; 2022-09-02; 11:26:27; 95; 38
1593; 2022-07-11; 21:53:34; 20; 270
1594; 2022-09-14; 05:10:36; 13; 884
1595; 2022-06-27; 22:41:45; 76; 543
1596; 2022-09-21; 20:05:49; 27; 2
1597; 2022-08-26; 10:26:27; 46; 793
1598; 2022-07-19; 12:20:41; 76; 981
1599; 2022-07-19; 08:29:36; 100; 672
1600; 2022-08-25; 22:08:07; 55; 299
1601; 2022-06-29; 05:14:59; 71; 222
1602; 2022-08-15; 17:23:07; 13; 147
1603; 2022-08-27; 04:57:44; 81; 620
1604; 2022-06-27; 16:00:42; 39; 733
1605; 2022-09-02; 23:16:50; 17; 958
1606; 2022-08-31; 12:09:54; 13; 405
1607; 2022-08-10; 08:37:10; 81; 159
1608; 2022-10-02; 16:28:04; 16; 153
1609; 2022-10-02; 23:27:08; 47; 76
1610; 2022-08-23; 19:16:31; 19; 566
1611; 2022-07-12; 21:54:17; 38; 352
1612; 2022-08-15; 03:12:04; 11; 489
1613; 2022-09-23; 08:17:30; 43; 352
1614; 2022-09-03; 09:11:04; 29; 547
1615; 2022-07-11; 13:54:34; 65; 292
1616; 2022-09-01; 05:11:28; 70; 970
1617; 2022-07-05; 19:35:07; 23; 82
1618; 2022-08-25; 08:00:03; 55; 68
1619; 2022-07-14; 23:07:36; 18; 948
1620; 2022-07-24; 05:46:51; 42; 897
1621; 2022-09-26; 00:00:49; 23; 562
1622; 2022-07-27; 16:35:06; 70; 967
1623; 2022-06-27; 13:43:18; 1; 767
1624; 2022-08-17; 05:01:38; 29; 741
1625; 2022-07-06; 08:23:47; 47; 438
1626; 2022-09-06; 21:32:29; 81; 734
1627; 2022-08-30; 19:57:20; 67; 44
1628; 2022-09-06; 03:49:52; 83; 793
1629; 2022-07-05; 21:34:11; 37; 41
1630; 2022-08-27; 10:23:48; 5; 184
1631; 2022-07-31; 17:30:35; 89; 830
1632; 2022-08-15; 09:33:07; 21; 134
1633; 2022-09-05; 16:27:56; 37; 822
1634; 2022-07-08; 17:58:54; 26; 442
1635; 2022-09-24; 07:20:58; 82; 642
1636; 2022-07-31; 11:39:04; 74; 75
1637; 2022-09-28; 18:11:44; 64; 286
1638; 2022-08-21; 17:19:35; 90; 999
1639; 2022-07-24; 13:37:15; 93; 234
1640; 2022-08-01; 08:25:09; 69; 227
1641; 2022-08-21; 19:40:26; 83; 493
1642; 2022-09-18; 10:51:46; 4; 11
1643; 2022-08-12; 23:52:44; 21; 609
1644; 2022-07-16; 21:06:15; 41; 605
1645; 2022-08-21; 05:11:55; 9; 32
1646; 2022-08-18; 14:10:38; 94; 592
1647; 2022-09-26; 22:44:04; 28; 283
1648; 2022-09-22; 06:12:22; 59; 301
1649; 2022-07-07; 16:47:30; 88; 955
1650; 2022-07-03; 07:32:48; 46; 26
1651; 2022-07-24; 09:25:48; 20; 521
1652; 2022-06-26; 12:08:30; 68; 593
1653; 2022-07-02; 16:31:52; 92; 957
1654; 2022-07-18; 10:37:42; 61; 573
1655; 2022-08-01; 10:34:47; 94; 259
1656; 2022-08-23; 19:37:15; 21; 313
1657; 2022-07-14; 02:36:39; 13; 785
1658; 2022-08-02; 05:37:59; 73; 607
1659; 2022-09-17; 04:55:06; 52; 107
1660; 2022-08-23; 13:21:53; 89; 916
1661; 2022-08-16; 14:10:24; 12; 227
1662; 2022-08-16; 02:43:14; 24; 756
1663; 2022-07-30; 20:18:01; 95; 492
1664; 2022-07-21; 04:46:45; 33; 628
1665; 2022-07-17; 16:18:39; 67; 153
1666; 2022-08-01; 00:53:22; 35; 48
1667; 2022-07-03; 08:35:40; 63; 459
1668; 2022-09-24; 09:29:04; 94; 525
1669; 2022-07-17; 03:45:35; 7; 741
1670; 2022-08-17; 16:09:58; 44; 918
1671; 2022-09-18; 09:57:24; 94; 795
1672; 2022-08-28; 05:42:00; 75; 173
1673; 2022-07-18; 19:16:45; 99; 416
1674; 2022-08-19; 07:53:38; 33; 821
1675; 2022-09-23; 22:13:55; 51; 992
1676; 2022-08-28; 10:30:24; 16; 212
1677; 2022-09-06; 07:44:22; 19; 659
1678; 2022-07-08; 02:03:27; 62; 644
1679; 2022-07-09; 13:24:14; 100; 40
1680; 2022-07-29; 06:32:53; 61; 170
1681; 2022-09-23; 20:31:34; 14; 906
1682; 2022-08-01; 03:22:51; 91; 345
1683; 2022-08-22; 13:33:25; 97; 412
1684; 2022-07-17; 02:09:04; 73; 826
1685; 2022-07-29; 11:21:12; 32; 15
1686; 2022-08-24; 09:06:48; 76; 315
1687; 2022-08-28; 20:29:26; 97; 735
1688; 2022-07-04; 08:26:15; 68; 827
1689; 2022-09-01; 04:37:08; 93; 230
1690; 2022-08-03; 08:02:47; 39; 429
1691; 2022-09-22; 08:08:11; 17; 781
1692; 2022-07-08; 01:34:56; 56; 395
1693; 2022-09-19; 14:46:42; 17; 414
1694; 2022-07-31; 08:19:11; 51; 505
1695; 2022-08-11; 11:39:15; 81; 679
1696; 2022-08-15; 17:00:46; 13; 206
1697; 2022-07-06; 01:59:48; 87; 789
1698; 2022-09-15; 13:37:49; 4; 828
1699; 2022-09-07; 23:45:26; 73; 711
1700; 2022-08-17; 16:22:44; 15; 927
1701; 2022-07-03; 01:10:27; 25; 845
1702; 2022-08-29; 15:57:18; 28; 876
1703; 2022-07-12; 03:57:38; 28; 622
1704; 2022-07-05; 10:41:49; 75; 509
1705; 2022-07-12; 18:07:48; 29; 800
1706; 2022-07-18; 03:51:26; 45; 328
1707; 2022-08-01; 02:13:24; 60; 594
1708; 2022-07-23; 00:06:25; 20; 584
1709; 2022-08-07; 11:12:23; 62; 710
1710; 2022-08-04; 14:13:02; 12; 622
1711; 2022-09-10; 11:54:58; 81; 110
1712; 2022-09-20; 00:28:48; 96; 973
1713; 2022-09-08; 03:35:51; 73; 137
1714; 2022-09-02; 16:10:32; 26; 322
1715; 2022-09-18; 09:55:00; 86; 730
1716; 2022-07-04; 21:37:21; 91; 700
1717; 2022-08-18; 04:36:10; 20; 936
1718; 2022-08-09; 13:26:55; 4; 356
1719; 2022-09-10; 06:15:47; 29; 1000
1720; 2022-09-29; 17:42:48; 15; 25
1721; 2022-08-13; 04:25:05; 21; 449
1722; 2022-07-11; 13:47:16; 67; 109
1723; 2022-08-02; 06:04:04; 13; 790
1724; 2022-06-30; 03:36:40; 52; 691
1725; 2022-09-09; 07:51:39; 83; 679
1726; 2022-06-30; 10:12:28; 27; 499
1727; 2022-08-17; 15:25:42; 48; 937
1728; 2022-07-06; 20:44:39; 15; 5
1729; 2022-09-08; 06:40:46; 79; 264
1730; 2022-09-02; 14:29:02; 19; 595
1731; 2022-07-01; 17:32:28; 81; 71
1732; 2022-08-17; 01:32:51; 21; 640
1733; 2022-08-18; 16:54:45; 39; 329
1734; 2022-07-17; 03:55:57; 81; 455
1735; 2022-07-06; 01:16:51; 49; 390
1736; 2022-09-03; 13:13:32; 80; 163
1737; 2022-08-13; 07:26:01; 93; 626
1738; 2022-08-17; 08:27:17; 60; 668
1739; 2022-09-04; 10:29:44; 43; 266
1740; 2022-08-09; 19:16:00; 88; 799
1741; 2022-06-28; 23:40:38; 68; 236
1742; 2022-08-12; 09:33:10; 95; 716
1743; 2022-08-16; 01:28:43; 98; 170
1744; 2022-07-04; 04:44:50; 47; 75
1745; 2022-07-22; 20:37:52; 30; 42
1746; 2022-07-08; 08:25:38; 51; 147
1747; 2022-08-11; 20:04:14; 90; 414
1748; 2022-09-25; 14:57:50; 30; 848
1749; 2022-06-29; 22:15:05; 26; 602
1750; 2022-07-27; 16:22:45; 21; 752
1751; 2022-07-11; 21:46:48; 52; 145
1752; 2022-07-06; 22:10:04; 69; 502
1753; 2022-08-23; 05:44:28; 53; 962
1754; 2022-09-13; 18:17:54; 17; 698
1755; 2022-09-27; 09:27:54; 90; 563
1756; 2022-09-14; 22:16:08; 75; 598
1757; 2022-08-24; 16:47:14; 32; 533
1758; 2022-08-09; 10:31:27; 66; 459
1759; 2022-07-24; 14:14:28; 90; 659
1760; 2022-06-27; 23:43:15; 11; 720
1761; 2022-09-19; 18:57:02; 48; 928
1762; 2022-09-23; 11:45:20; 52; 242
1763; 2022-07-22; 12:27:09; 65; 350
1764; 2022-07-14; 22:39:17; 90; 706
1765; 2022-09-12; 07:04:23; 91; 197
1766; 2022-09-16; 10:27:41; 10; 268
1767; 2022-09-01; 00:49:44; 89; 936
1768; 2022-07-09; 05:13:26; 71; 671
1769; 2022-07-26; 06:53:58; 65; 335
1770; 2022-09-18; 04:20:44; 57; 889
1771; 2022-09-07; 19:36:35; 21; 438
1772; 2022-07-01; 01:03:35; 11; 33
1773; 2022-09-26; 16:37:15; 50; 903
1774; 2022-09-13; 08:09:52; 44; 718
1775; 2022-06-28; 15:23:14; 93; 99
1776; 2022-08-10; 07:58:01; 68; 194
1777; 2022-08-15; 22:59:46; 34; 558
1778; 2022-07-22; 00:13:22; 10; 273
1779; 2022-08-16; 15:11:41; 20; 862
1780; 2022-09-18; 14:58:51; 20; 2
1781; 2022-08-13; 19:24:26; 6; 333
1782; 2022-09-30; 03:53:45; 49; 264
1783; 2022-08-22; 20:46:11; 36; 411
1784; 2022-09-05; 21:33:12; 44; 376
1785; 2022-08-30; 04:53:09; 87; 910
1786; 2022-08-23; 16:28:03; 30; 209
1787; 2022-07-06; 17:45:16; 78; 700
1788; 2022-09-28; 03:14:32; 59; 572
1789; 2022-09-03; 18:14:25; 23; 63
1790; 2022-09-19; 07:14:57; 68; 892
1791; 2022-09-16; 22:06:02; 7; 343
1792; 2022-10-03; 05:47:20; 96; 100
1793; 2022-08-25; 15:21:54; 30; 489
1794; 2022-06-30; 02:43:44; 3; 34
1795; 2022-07-12; 06:22:38; 42; 72
1796; 2022-07-18; 03:42:29; 26; 365
1797; 2022-06-27; 11:06:12; 61; 370
1798; 2022-07-17; 13:07:50; 63; 144
1799; 2022-08-02; 03:37:05; 9; 570
1800; 2022-07-01; 00:51:51; 85; 151
1801; 2022-08-10; 11:23:00; 41; 186
1802; 2022-08-15; 10:15:07; 99; 54
1803; 2022-10-03; 03:14:21; 17; 912
1804; 2022-07-16; 15:00:31; 14; 378
1805; 2022-08-05; 06:16:25; 45; 68
1806; 2022-09-01; 17:39:27; 51; 89
1807; 2022-06-26; 15:50:05; 33; 9
1808; 2022-08-09; 19:43:55; 35; 452
1809; 2022-08-08; 18:49:33; 50; 638
1810; 2022-07-30; 00:19:39; 30; 439
1811; 2022-07-23; 18:16:12; 50; 195
1812; 2022-08-18; 16:42:26; 75; 970
1813; 2022-09-29; 00:47:11; 62; 353
1814; 2022-08-08; 13:21:52; 23; 388
1815; 2022-07-04; 12:38:07; 75; 391
1816; 2022-07-14; 11:31:18; 37; 339
1817; 2022-06-29; 09:49:57; 28; 161
1818; 2022-08-28; 09:03:22; 69; 315
1819; 2022-10-01; 09:57:50; 32; 449
1820; 2022-08-26; 10:36:53; 46; 652
1821; 2022-07-03; 19:02:54; 42; 150
1822; 2022-08-19; 06:45:39; 42; 882
1823; 2022-08-03; 10:30:10; 7; 684
1824; 2022-10-01; 01:18:38; 98; 482
1825; 2022-08-09; 18:51:40; 86; 334
1826; 2022-08-31; 13:26:21; 70; 828
1827; 2022-08-16; 03:32:13; 29; 103
1828; 2022-09-21; 22:19:45; 96; 255
1829; 2022-08-26; 10:52:44; 92; 812
1830; 2022-07-12; 19:07:53; 6; 71
1831; 2022-07-17; 12:05:22; 60; 914
1832; 2022-09-08; 21:10:12; 15; 29
1833; 2022-08-16; 16:05:25; 10; 557
1834; 2022-07-13; 12:38:14; 49; 932
1835; 2022-09-30; 12:08:48; 73; 144
1836; 2022-09-27; 01:40:43; 98; 368
1837; 2022-08-08; 19:12:28; 61; 738
1838; 2022-08-07; 08:11:28; 69; 378
1839; 2022-07-24; 03:18:29; 3; 258
1840; 2022-09-10; 17:10:41; 10; 915
1841; 2022-07-31; 05:14:44; 89; 286
1842; 2022-08-18; 04:02:40; 68; 829
1843; 2022-07-11; 02:33:22; 42; 318
1844; 2022-07-26; 23:41:52; 31; 952
1845; 2022-09-22; 04:32:57; 34; 603
1846; 2022-06-30; 01:35:50; 11; 446
1847; 2022-09-27; 09:10:32; 59; 512
1848; 2022-10-02; 05:44:58; 66; 552
1849; 2022-07-09; 09:28:04; 81; 94
1850; 2022-09-21; 23:38:46; 31; 35
1851; 2022-07-14; 18:30:18; 7; 467
1852; 2022-07-12; 03:34:50; 49; 514
1853; 2022-09-16; 00:21:23; 80; 317
1854; 2022-06-29; 20:17:25; 99; 263
1855; 2022-08-22; 05:42:14; 25; 48
1856; 2022-06-30; 09:39:37; 79; 376
1857; 2022-08-26; 02:51:24; 13; 384
1858; 2022-10-04; 11:05:40; 55; 232
1859; 2022-07-31; 04:02:36; 71; 208
1860; 2022-09-27; 23:59:53; 22; 706
1861; 2022-09-19; 13:10:18; 42; 462
1862; 2022-09-02; 18:29:09; 46; 864
1863; 2022-08-29; 16:02:52; 59; 401
1864; 2022-07-30; 04:41:01; 67; 398
1865; 2022-09-28; 01:02:03; 26; 471
1866; 2022-09-10; 02:25:29; 22; 110
1867; 2022-09-08; 06:53:00; 15; 864
1868; 2022-08-04; 17:49:54; 72; 365
1869; 2022-08-23; 05:21:32; 86; 917
1870; 2022-08-03; 23:38:42; 76; 316
1871; 2022-08-15; 06:36:56; 82; 319
1872; 2022-08-19; 13:10:54; 5; 601
1873; 2022-09-11; 15:03:08; 56; 572
1874; 2022-08-07; 11:24:57; 61; 101
1875; 2022-08-03; 07:00:03; 97; 626
1876; 2022-07-23; 04:32:40; 63; 269
1877; 2022-08-20; 15:44:02; 48; 441
1878; 2022-09-20; 21:04:11; 98; 655
1879; 2022-09-21; 08:30:45; 100; 433
1880; 2022-07-05; 11:54:43; 30; 106
1881; 2022-07-23; 06:26:36; 22; 680
1882; 2022-09-24; 10:03:43; 35; 450
1883; 2022-09-05; 17:15:16; 24; 524
1884; 2022-08-03; 17:05:56; 24; 760
1885; 2022-07-06; 00:05:15; 95; 751
1886; 2022-07-18; 22:59:37; 41; 4
1887; 2022-09-18; 22:47:44; 48; 582
1888; 2022-07-26; 13:26:40; 88; 666
1889; 2022-07-18; 13:50:54; 8; 687
1890; 2022-08-14; 09:38:48; 100; 129
1891; 2022-08-22; 09:50:16; 25; 785
1892; 2022-08-27; 12:00:17; 86; 234
1893; 2022-07-17; 00:50:32; 3; 721
1894; 2022-06-26; 16:38:26; 17; 228
1895; 2022-09-23; 20:52:58; 15; 432
1896; 2022-08-03; 10:30:41; 8; 222
1897; 2022-08-02; 11:31:33; 92; 263
1898; 2022-09-11; 14:12:24; 5; 239
1899; 2022-09-14; 15:50:37; 32; 885
1900; 2022-08-23; 21:15:21; 69; 522
1901; 2022-07-03; 14:32:09; 92; 771
1902; 2022-07-27; 21:47:13; 65; 301
1903; 2022-07-29; 05:53:58; 89; 740
1904; 2022-09-04; 04:38:52; 35; 909
1905; 2022-09-08; 01:39:17; 1; 731
1906; 2022-09-09; 04:00:53; 41; 218
1907; 2022-08-15; 17:21:05; 82; 510
1908; 2022-07-02; 14:29:46; 13; 581
1909; 2022-09-20; 05:41:50; 81; 901
1910; 2022-07-08; 11:48:29; 91; 892
1911; 2022-08-04; 12:16:28; 79; 240
1912; 2022-10-04; 04:12:49; 53; 758
1913; 2022-09-24; 12:21:05; 55; 883
1914; 2022-09-17; 12:16:55; 37; 452
1915; 2022-08-27; 07:53:20; 10; 255
1916; 2022-08-18; 23:01:19; 94; 372
1917; 2022-08-18; 12:47:07; 85; 732
1918; 2022-06-26; 09:29:44; 12; 163
1919; 2022-07-25; 22:31:20; 88; 805
1920; 2022-09-02; 04:52:04; 3; 182
1921; 2022-07-14; 19:22:48; 53; 528
1922; 2022-07-07; 13:24:24; 63; 15
1923; 2022-10-03; 15:30:56; 29; 242
1924; 2022-06-28; 03:03:36; 71; 538
1925; 2022-09-28; 14:49:41; 37; 488
1926; 2022-09-09; 10:10:00; 95; 142
1927; 2022-07-31; 21:52:18; 90; 609
1928; 2022-08-02; 19:27:07; 30; 302
1929; 2022-07-20; 15:01:18; 69; 764
1930; 2022-07-06; 12:18:23; 8; 138
1931; 2022-07-02; 02:06:58; 3; 884
1932; 2022-10-03; 23:59:31; 54; 528
1933; 2022-07-26; 16:49:43; 9; 871
1934; 2022-09-15; 17:14:03; 77; 101
1935; 2022-07-10; 09:28:39; 12; 516
1936; 2022-09-13; 03:53:56; 90; 14
1937; 2022-08-30; 05:36:27; 82; 934
1938; 2022-08-02; 00:17:50; 2; 852
1939; 2022-10-01; 00:22:44; 96; 527
1940; 2022-07-14; 04:34:07; 61; 344
1941; 2022-07-06; 17:17:59; 8; 120
1942; 2022-09-08; 23:41:48; 83; 138
1943; 2022-08-22; 23:30:26; 78; 934
1944; 2022-09-19; 18:18:52; 93; 182
1945; 2022-10-03; 16:31:24; 56; 629
1946; 2022-09-21; 20:19:05; 14; 856
1947; 2022-07-19; 23:53:44; 34; 502
1948; 2022-08-16; 14:14:44; 28; 563
1949; 2022-09-02; 08:54:24; 75; 356
1950; 2022-09-27; 12:55:53; 23; 936
1951; 2022-07-01; 16:01:27; 32; 720
1952; 2022-08-14; 17:18:39; 99; 962
1953; 2022-09-20; 02:29:47; 49; 373
1954; 2022-09-16; 23:05:02; 44; 628
1955; 2022-07-01; 15:13:02; 34; 665
1956; 2022-09-14; 08:24:07; 66; 279
1957; 2022-08-19; 07:04:10; 17; 703
1958; 2022-07-21; 03:55:32; 10; 723
1959; 2022-08-07; 05:50:52; 15; 138
1960; 2022-09-23; 23:45:02; 89; 108
1961; 2022-08-23; 10:15:23; 25; 416
1962; 2022-08-29; 18:23:40; 2; 958
1963; 2022-06-29; 16:13:30; 87; 864
1964; 2022-06-29; 03:14:25; 73; 679
1965; 2022-08-09; 15:04:50; 60; 843
1966; 2022-08-27; 12:56:18; 11; 717
1967; 2022-09-02; 11:48:34; 31; 667
1968; 2022-08-02; 14:07:38; 48; 545
1969; 2022-07-31; 01:13:33; 41; 660
1970; 2022-09-28; 06:17:26; 44; 769
1971; 2022-07-13; 09:56:38; 39; 406
1972; 2022-07-27; 20:26:10; 46; 179
1973; 2022-08-10; 04:16:38; 8; 347
1974; 2022-06-29; 22:54:09; 23; 742
1975; 2022-07-30; 08:50:41; 85; 546
1976; 2022-09-09; 01:25:54; 98; 911
1977; 2022-09-28; 12:53:20; 4; 861
1978; 2022-08-26; 08:24:03; 51; 814
1979; 2022-07-26; 20:41:58; 43; 919
1980; 2022-08-06; 09:23:38; 48; 992
1981; 2022-09-16; 17:55:52; 55; 725
1982; 2022-09-20; 17:29:22; 92; 439
1983; 2022-10-01; 07:10:38; 30; 73
1984; 2022-07-30; 18:25:35; 61; 936
1985; 2022-09-25; 16:28:34; 1; 368
1986; 2022-09-30; 05:38:05; 88; 579
1987; 2022-09-13; 05:41:37; 8; 225
1988; 2022-09-02; 15:29:40; 79; 446
1989; 2022-10-02; 11:44:06; 96; 120
1990; 2022-08-15; 06:35:45; 69; 374
1991; 2022-07-14; 02:11:35; 73; 615
1992; 2022-08-11; 13:15:56; 94; 877
1993; 2022-07-05; 02:22:59; 26; 713
1994; 2022-09-01; 06:31:54; 62; 174
1995; 2022-09-13; 02:34:27; 17; 785
1996; 2022-09-05; 14:26:42; 49; 346
1997; 2022-09-06; 15:33:13; 70; 180
1998; 2022-08-12; 19:23:55; 10; 77
1999; 2022-09-08; 23:21:25; 61; 545
2000; 2022-08-09; 03:44:00; 63; 928
